pos,final
21563,0.058465736193852
21564,0.058465736193852
21565,0.058465736193852
21566,0.058465736193852
21567,0.058465736193852
21568,0.058465736193852
21569,0.058465736193852
21570,0.058465736193852
21571,0.058702433250559
21572,0.073417904413856
21573,0.059641282411033
21574,0.052112865530679
21575,0.058702433250559
21576,0.058465736193852
21577,0.05836555230464
21578,0.058656903121166
21579,0.058656903121166
21580,0.056681520469098
21581,0.055624060720693
21582,0.055624060720693
21583,0.056681520469098
21584,0.056419845794383
21585,0.056706704015821
21586,0.056706704015821
21587,0.056930013971111
21588,0.056930013971111
21589,0.069222904110924
21590,0.079228553160495
21591,0.015494833727604
21592,0.008688963018866
21593,0.007764453615563
21594,0.00645497850387
21595,0.007764453615563
21596,0.006987511298028
21597,0.007764453615563
21598,0.009181937343733
21599,0.0106822295392
21600,0.006173227090497
21601,0.006173227090497
21602,0.006173227090497
21603,0.011029467869834
21604,0.006173227090497
21605,0.006173227090497
21606,0.005481919004578
21607,0.006515821912278
21608,0.005481919004578
21609,0.005481919004578
21610,0.005481919004578
21611,0.222871334805171
21612,0.12745618748358
21613,0.112999656328686
21614,0.005481919004578
21615,0.005481919004578
21616,0.005481919004578
21617,0.006675258883006
21618,0.005957131864785
21619,0.006515821912278
21620,0.015380199543435
21621,0.005481919004578
21622,0.005481919004578
21623,0.005481919004578
21624,0.005481919004578
21625,0.010663376885138
21626,0.010663376885138
21627,0.010663376885138
21628,0.010663376885138
21629,0.010663376885138
21630,0.010663376885138
21631,0.010663376885138
21632,0.009810509608272
21633,0.010663376885138
21634,0.009811597994807
21635,0.014459139047863
21636,0.014979894419767
21637,0.014720051567189
21638,0.011750624724764
21639,0.010663376885138
21640,0.041417577725446
21641,0.010663376885138
21642,0.010663376885138
21643,0.010663376885138
21644,0.010663376885138
21645,0.010663376885138
21646,0.010663376885138
21647,0.010663376885138
21648,0.010663376885138
21649,0.010663376885138
21650,0.015863210321281
21651,0.010663376885138
21652,0.010663376885138
21653,0.008020591393799
21654,0.008020591393799
21655,0.008020591393799
21656,0.008020591393799
21657,0.008020591393799
21658,0.008020591393799
21659,0.008020591393799
21660,0.011887179353653
21661,0.008020591393799
21662,0.008020591393799
21663,0.011641752657893
21664,0.008020591393799
21665,0.011641752657893
21666,0.011641752657893
21667,0.011641752657893
21668,0.011641752657893
21669,0.011641752657893
21670,0.011641752657893
21671,0.011641752657893
21672,0.011641752657893
21673,0.011641752657893
21674,0.008268119335517
21675,0
21676,0
21677,0
21678,0
21679,0
21680,0
21681,0
21682,0
21683,0
21684,0
21685,0
21686,0
21687,0
21688,0
21689,0
21690,0.008193252071436
21691,0
21692,0
21693,0
21694,0
21695,0
21696,0
21697,0
21698,0
21699,0
21700,0.013837510902868
21701,0
21702,0
21703,0
21704,0
21705,0
21706,0.004566979665556
21707,0
21708,0
21709,0
21710,0.004524926396441
21711,0
21712,0
21713,0
21714,0
21715,0
21716,0
21717,0
21718,0.013837510902868
21719,0
21720,0
21721,0.013837510902868
21722,0
21723,0.016059199898598
21724,0.013837510902868
21725,0
21726,0.004524926396441
21727,0
21728,0
21729,0
21730,0
21731,0
21732,0
21733,0
21734,0
21735,0.004524926396441
21736,0
21737,0
21738,0
21739,0
21740,0
21741,0
21742,0
21743,0
21744,0
21745,0
21746,0
21747,0
21748,0
21749,0
21750,0
21751,0
21752,0
21753,0
21754,0
21755,0
21756,0
21757,0.090946296388515
21758,0
21759,0
21760,0.004524926396441
21761,0
21762,0
21763,0.004524926396441
21764,0
21765,0
21766,0
21767,0
21768,0
21769,0.004566979665556
21770,0
21771,0
21772,0
21773,0
21774,0
21775,0
21776,0.013837510902868
21777,0.004524926396441
21778,0
21779,0
21780,0
21781,0
21782,0
21783,0
21784,0
21785,0.006158960971086
21786,0
21787,0
21788,0.003409586342741
21789,0
21790,0
21791,0
21792,0
21793,0
21794,0
21795,0
21796,0
21797,0
21798,0.013837510902868
21799,0.004524926396441
21800,0.019657265718764
21801,0
21802,0
21803,0
21804,0
21805,0
21806,0
21807,0
21808,0
21809,0
21810,0
21811,0.005481919004578
21812,0
21813,0
21814,0
21815,0
21816,0
21817,0
21818,0
21819,0
21820,0
21821,0.013837510902868
21822,0
21823,0.003409586342741
21824,0
21825,0
21826,0
21827,0
21828,0
21829,0
21830,0
21831,0
21832,0
21833,0
21834,0
21835,0
21836,0
21837,0
21838,0
21839,0
21840,0
21841,0
21842,0
21843,0
21844,0
21845,0.008193252071436
21846,0
21847,0
21848,0
21849,0
21850,0
21851,0
21852,0.013837510902868
21853,0
21854,0.004524926396441
21855,0
21856,0.013837510902868
21857,0
21858,0.00781284801938
21859,0
21860,0
21861,0
21862,0
21863,0.013837510902868
21864,0
21865,0
21866,0.008193252071436
21867,0
21868,0
21869,0
21870,0
21871,0
21872,0
21873,0
21874,0
21875,0
21876,0
21877,0
21878,0
21879,0
21880,0
21881,0
21882,0
21883,0
21884,0
21885,0
21886,0
21887,0
21888,0
21889,0
21890,0
21891,0
21892,0
21893,0
21894,0
21895,0
21896,0
21897,0.014671098724669
21898,0
21899,0
21900,0.004524926396441
21901,0
21902,0
21903,0
21904,0
21905,0
21906,0
21907,0
21908,0
21909,0
21910,0
21911,0
21912,0
21913,0
21914,0
21915,0
21916,0
21917,0
21918,0
21919,0
21920,0
21921,0
21922,0
21923,0
21924,0
21925,0
21926,0
21927,0.008193252071436
21928,0
21929,0
21930,0
21931,0
21932,0
21933,0
21934,0
21935,0
21936,0
21937,0
21938,0
21939,0
21940,0
21941,0
21942,0
21943,0
21944,0
21945,0
21946,0
21947,0
21948,0
21949,0.013837510902868
21950,0
21951,0
21952,0
21953,0
21954,0
21955,0
21956,0
21957,0
21958,0
21959,0
21960,0
21961,0.013837510902868
21962,0
21963,0
21964,0
21965,0
21966,0
21967,0
21968,0.008230503035679
21969,0
21970,0
21971,0
21972,0
21973,0.009132837455916
21974,0
21975,0
21976,0
21977,0.004524926396441
21978,0.004566979665556
21979,0
21980,0
21981,0
21982,0
21983,0
21984,0.009820222685491
21985,0.013837510902868
21986,0.013837510902868
21987,0.013837510902868
21988,0.024469960564301
21989,0.024469960564301
21990,0.014663086593139
21991,0.012177106330062
21992,0.012177106330062
21993,0
21994,0
21995,0
21996,0
21997,0
21998,0.004566979665556
21999,0.004524926396441
22000,0
22001,0
22002,0
22003,0
22004,0.004524926396441
22005,0
22006,0
22007,0
22008,0
22009,0
22010,0
22011,0.024469960564301
22012,0
22013,0.005481919004578
22014,0
22015,0
22016,0
22017,0
22018,0
22019,0
22020,0.004524926396441
22021,0
22022,0
22023,0
22024,0
22025,0
22026,0
22027,0
22028,0
22029,0
22030,0
22031,0
22032,0
22033,0
22034,0
22035,0
22036,0
22037,0.004524926396441
22038,0
22039,0
22040,0
22041,0
22042,0
22043,0
22044,0
22045,0
22046,0
22047,0
22048,0
22049,0.004566979665556
22050,0.003409586342741
22051,0
22052,0
22053,0
22054,0
22055,0
22056,0
22057,0
22058,0
22059,0
22060,0
22061,0
22062,0
22063,0
22064,0
22065,0
22066,0
22067,0
22068,0
22069,0
22070,0
22071,0
22072,0.008230503035679
22073,0
22074,0
22075,0
22076,0
22077,0
22078,0
22079,0
22080,0
22081,0
22082,0
22083,0
22084,0
22085,0.013837510902868
22086,0
22087,0
22088,0
22089,0
22090,0
22091,0
22092,0
22093,0.004524926396441
22094,0
22095,0
22096,0.013837510902868
22097,0
22098,0
22099,0.004566979665556
22100,0.004566979665556
22101,0.004566979665556
22102,0.004566979665556
22103,0.003409586342741
22104,0.003409586342741
22105,0.004566979665556
22106,0.004566979665556
22107,0.004566979665556
22108,0.004566979665556
22109,0.004566979665556
22110,0.009132837455916
22111,0.004566979665556
22112,0.004566979665556
22113,0.004566979665556
22114,0.004566979665556
22115,0.004566979665556
22116,0.004566979665556
22117,0.004566979665556
22118,0.004566979665556
22119,0.004566979665556
22120,0.004566979665556
22121,0.004566979665556
22122,0.004566979665556
22123,0.004566979665556
22124,0.004566979665556
22125,0.004566979665556
22126,0.004566979665556
22127,0.004566979665556
22128,0.004566979665556
22129,0
22130,0
22131,0
22132,0
22133,0
22134,0
22135,0
22136,0
22137,0
22138,0
22139,0
22140,0
22141,0
22142,0
22143,0
22144,0
22145,0
22146,0
22147,0
22148,0
22149,0
22150,0
22151,0
22152,0
22153,0
22154,0
22155,0
22156,0
22157,0
22158,0
22159,0
22160,0
22161,0
22162,0
22163,0
22164,0
22165,0
22166,0
22167,0
22168,0
22169,0
22170,0
22171,0
22172,0
22173,0
22174,0
22175,0
22176,0
22177,0
22178,0
22179,0.004524926396441
22180,0
22181,0
22182,0
22183,0
22184,0
22185,0
22186,0
22187,0.003409586342741
22188,0.004524926396441
22189,0.004524926396441
22190,0.009048754723412
22191,0
22192,0
22193,0
22194,0.004566979665556
22195,0
22196,0
22197,0
22198,0
22199,0
22200,0.013837510902868
22201,0
22202,0.013837510902868
22203,0.033883027277647
22204,0.126616490321512
22205,0.104427033703707
22206,0
22207,0
22208,0
22209,0
22210,0
22211,0
22212,0
22213,0.013837510902868
22214,0
22215,0
22216,0
22217,0
22218,0
22219,0
22220,0
22221,0
22222,0
22223,0.004566979665556
22224,0.029017466190876
22225,0
22226,0.018727641438214
22227,0
22228,0
22229,0
22230,0
22231,0.004524926396441
22232,0
22233,0
22234,0
22235,0
22236,0
22237,0
22238,0
22239,0
22240,0
22241,0
22242,0
22243,0
22244,0
22245,0
22246,0
22247,0
22248,0
22249,0
22250,0
22251,0
22252,0
22253,0
22254,0
22255,0
22256,0
22257,0
22258,0
22259,0
22260,0
22261,0
22262,0
22263,0
22264,0
22265,0
22266,0
22267,0
22268,0
22269,0
22270,0
22271,0
22272,0
22273,0
22274,0
22275,0
22276,0.008193252071436
22277,0.005915087275297
22278,0.17667635068755
22279,0.152815436014043
22280,0.051980545294799
22281,0.051811198629347
22282,0.045377410291674
22283,0.045377410291674
22284,0.039423957829055
22285,0.039423957829055
22286,0.039423957829055
22287,0.033809527761492
22288,0.062005162741513
22289,0.156902780473219
22290,0.125063399865168
22291,0.126114961560281
22292,0.133504190057665
22293,0.128865152335466
22294,0.105794445797736
22295,0.127641846049429
22296,0.125913717694775
22297,0.109428357526071
22298,0.070091066615614
22299,0.132118579854551
22300,0.102978855706535
22301,0.132118579854551
22302,0.132118579854551
22303,0.132118579854551
22304,0.106489416438009
22305,0.065851302658565
22306,0.065851302658565
22307,0.099075649396339
22308,0.057208794773497
22309,0.057208794773497
22310,0.057208794773497
22311,0.060663994544208
22312,0.055458260358918
22313,0.057040573419333
22314,0.054613586481139
22315,0.056176071139341
22316,0.060187383547629
22317,0.047605996574829
22318,0.047605996574829
22319,0.048177491287516
22320,0.051426568883138
22321,0.051426568883138
22322,0.099210965022507
22323,0.097533620000785
22324,0.086913555022708
22325,0.085837299907698
22326,0.090791091351977
22327,0.093950453284734
22328,0.092584166593846
22329,0.088119452059164
22330,0.088119452059164
22331,0.089109016189279
22332,0.092494122302054
22333,0.087924550892069
22334,0.087924550892069
22335,0.088237090993005
22336,0.111360134714994
22337,0.073514935891514
22338,0.023057153408333
22339,0.005419936979973
22340,0.004833450574565
22341,0.004815797253634
22342,0.004198887190523
22343,0.00368318654434
22344,0.003468920124377
22345,0.003739962853865
22346,0.004369241212266
22347,0.001534098883982
22348,0.001537895730396
22349,0.001472786427071
22350,0.001546915065006
22351,0.0015600174968
22352,0.001565683565519
22353,0.001698767417775
22354,0.001605997871213
22355,0.001567387113647
22356,0.001567387113647
22357,0.001523680073463
22358,0.001454349094476
22359,0.001496653872325
22360,0.001859653249218
22361,0.001822768671735
22362,0.001822768671735
22363,0.001866372146709
22364,0.001822768671735
22365,0.001764777604935
22366,0.001767235349155
22367,0.001767235349155
22368,0.001917219320519
22369,0.001916591664625
22370,0.001866631669041
22371,0.001815697484452
22372,0.001815697484452
22373,0.001866993487001
22374,0.001788733524486
22375,0.001887940806091
22376,0.001875471830296
22377,0.001879387393285
22378,0.001890833432809
22379,0.001904589115349
22380,0.001987586459262
22381,0.001930934316751
22382,0.001893416708601
22383,0.00189880787967
22384,0.001899800399955
22385,0.001899800399955
22386,0.001906244665426
22387,0.001927298347858
22388,0.001942645677126
22389,0.002089976048858
22390,0.002009547284748
22391,0.002017758057203
22392,0.002017758057203
22393,0.002026172450171
22394,0.002026172450171
22395,0.002017758057203
22396,0.001944934000086
22397,0.001944934000086
22398,0.00195461028613
22399,0.001915146709399
22400,0.001923595507761
22401,0.001962888700034
22402,0.001962888700034
22403,0.001962888700034
22404,0.001877199907002
22405,0.001877199907002
22406,0.001877199907002
22407,0.001877199907002
22408,0.001838271630226
22409,0.001847795709571
22410,0.001847795709571
22411,0.001828890272887
22412,0.001767869884598
22413,0.001767869884598
22414,0.001749738012578
22415,0.001749738012578
22416,0.001749738012578
22417,0.001741549334889
22418,0.001749738012578
22419,0.001709230682677
22420,0.001658036666039
22421,0.001676590890277
22422,0.001676590890277
22423,0.001727717585588
22424,0.001797558815677
22425,0.001686100357362
22426,0.001687417822475
22427,0.001729043663454
22428,0.001603948250015
22429,0.001603948250015
22430,0.001613165860772
22431,0.001613165860772
22432,0.001641656899511
22433,0.001649402666279
22434,0.001686625836572
22435,0.001686625836572
22436,0.001671662635631
22437,0.001634105041617
22438,0.001571697480504
22439,0.001571697480504
22440,0.001571697480504
22441,0.001548248731019
22442,0.001548248731019
22443,0.001548248731019
22444,0.001584321025025
22445,0.001591811245847
22446,0.001584321025025
22447,0.0016371947171
22448,0.001638029319791
22449,0.001645490958562
22450,0.001680047164343
22451,0.001695199306086
22452,0.001910360045282
22453,0.001805251213664
22454,0.001694938024275
22455,0.001728627904579
22456,0.001728627904579
22457,0.001736172660104
22458,0.001737290069111
22459,0.001729976500322
22460,0.001737290069111
22461,0.001746055439733
22462,0.001721633292503
22463,0.001721633292503
22464,0.001729124501163
22465,0.001729124501163
22466,0.001729124501163
22467,0.001721633292503
22468,0.001688918333904
22469,0.001688918333904
22470,0.001681339081571
22471,0.001688918333904
22472,0.00167390703489
22473,0.000884044573827
22474,0.001753022035564
22475,0.001753022035564
22476,0.00180950520983
22477,0.001811034698515
22478,0.001811034698515
22479,0.001900789683907
22480,0.00172404263456
22481,0.001847493419925
22482,0.001789125889882
22483,0.001789125889882
22484,0.001798212364382
22485,0.001805466414589
22486,0.001814544780237
22487,0.001814544780237
22488,0.001821889029497
22489,0.002405366315758
22490,0.001772119790825
22491,0.001772119790825
22492,0.002151891306776
22493,0.001740490223578
22494,0.001740490223578
22495,0.00174207711752
22496,0.00174207711752
22497,0.00174207711752
22498,0.00174943581535
22499,0.00174943581535
22500,0.001723977696904
22501,0.001598483836792
22502,0.001646345978578
22503,0.001646345978578
22504,0.001646345978578
22505,0.00172672907266
22506,0.001787153458923
22507,0.001787153458923
22508,0.001930348908508
22509,0.001965889228486
22510,0.00182456834978
22511,0.001843766829734
22512,0.001818809675741
22513,0.001957923571653
22514,0.001435682885399
22515,0.000882622434573
22516,0.000314069651066
22517,0.000616085791229
22518,0.000302587565817
22519,0.000319449034416
22520,0.0000737
22521,0.005332916702897
22522,0.0581675274251
22523,0.119751543612997
22524,0.126084644927807
22525,0.126274100873333
22526,0.126060698530112
22527,0.126274100873333
22528,0.13043346194802
22529,0.136300383370254
22530,0.139888536372319
22531,0.141507988289417
22532,0.070519321568373
22533,0.068542605608425
22534,0.070310015964454
22535,0.068721913421775
22536,0.068226993722684
22537,0.068389838905176
22538,0.069289284214698
22539,0.069289284214698
22540,0.035468779645872
22541,0.035468779645872
22542,0.042931233021366
22543,0.042931233021366
22544,0.042931233021366
22545,0.042931233021366
22546,0.042931233021366
22547,0.03918380794285
22548,0.03918380794285
22549,0.03918380794285
22550,0.03918380794285
22551,0.010085295872812
22552,0.010085295872812
22553,0.010085295872812
22554,0.010085295872812
22555,0.00869253998716
22556,0.00869253998716
22557,0.00781284801938
22558,0.00781284801938
22559,0.00781284801938
22560,0.00781284801938
22561,0.00781284801938
22562,0.006213109842634
22563,0.006213109842634
22564,0.006213109842634
22565,0.006213109842634
22566,0.006213109842634
22567,0.006213109842634
22568,0.006213109842634
22569,0.006213109842634
22570,0.006213109842634
22571,0.006213109842634
22572,0.006213109842634
22573,0.006213109842634
22574,0.006213109842634
22575,0.006213109842634
22576,0.006213109842634
22577,0.006213109842634
22578,0.006213109842634
22579,0.006213109842634
22580,0.006975350320614
22581,0.006170722869531
22582,0.006975350320614
22583,0.006975350320614
22584,0.006975350320614
22585,0.006975350320614
22586,0.006975350320614
22587,0.006975350320614
22588,0.006975350320614
22589,0.009837735849711
22590,0.013762420524481
22591,0.019447964892448
22592,0.019447964892448
22593,0.013502845484986
22594,0.01545025260767
22595,0.01545025260767
22596,0.01545025260767
22597,0.01545025260767
22598,0.017318078239644
22599,0.017318078239644
22600,0.025581701660434
22601,0.033519480763285
22602,0.027158142731847
22603,0.023068315597148
22604,0.023068315597148
22605,0.023068315597148
22606,0.022612068608441
22607,0.029882699534657
22608,0.029882699534657
22609,0.031355955535599
22610,0.029418036644798
22611,0.034042525094735
22612,0.032796223088955
22613,0.038523882742889
22614,0.036792167869581
22615,0.033841483765095
22616,0.035431923603968
22617,0.037750982259215
22618,0.037142293919921
22619,0.036019144490236
22620,0.035991494782248
22621,0.036165508581135
22622,0.038706274814359
22623,0.042491260626867
22624,0.051775824579328
22625,0.042491502914503
22626,0.05528856507792
22627,0.046254088306879
22628,0.046254088306879
22629,0.046393537200351
22630,0.046393537200351
22631,0.046393537200351
22632,0.046393537200351
22633,0.046393537200351
22634,0.045339480055175
22635,0.045552349035114
22636,0.041984284851313
22637,0.042202415438353
22638,0.041984284851313
22639,0.044907576937809
22640,0.044907576937809
22641,0.044907576937809
22642,0.044907576937809
22643,0.044907576937809
22644,0.045061710314261
22645,0.045061710314261
22646,0.045061710314261
22647,0.045061710314261
22648,0.045061710314261
22649,0.044380952950963
22650,0.043294775836432
22651,0.043646958360584
22652,0.043646958360584
22653,0.044233803267046
22654,0.044233803267046
22655,0.044380952950963
22656,0.044380952950963
22657,0.045061710314261
22658,0.045061710314261
22659,0.045061710314261
22660,0.045562080946051
22661,0.045061710314261
22662,0.045061710314261
22663,0.044233803267046
22664,0.041363496954286
22665,0.041363496954286
22666,0.041046143713529
22667,0.040943897341818
22668,0.040943897341818
22669,0.041540209582647
22670,0.041540209582647
22671,0.041540209582647
22672,0.041540209582647
22673,0.041540209582647
22674,0.030151429644964
22675,0.041540209582647
22676,0.041540209582647
22677,0.041540209582647
22678,0.041540209582647
22679,0.04223410411302
22680,0.04223410411302
22681,0.04223410411302
22682,0.042351701538115
22683,0.042770165083796
22684,0.042351701538115
22685,0.042351701538115
22686,0.042351701538115
22687,0.042770165083796
22688,0.042351701538115
22689,0.042351701538115
22690,0.042351701538115
22691,0.042351701538115
22692,0.042351701538115
22693,0.042351701538115
22694,0.042351701538115
22695,0.04223410411302
22696,0.04223410411302
22697,0.042158871652542
22698,0.042158871652542
22699,0.042158871652542
22700,0.042158871652542
22701,0.042158871652542
22702,0.042158871652542
22703,0.04223410411302
22704,0.04223410411302
22705,0.050016011546609
22706,0.042351701538115
22707,0.033446955147696
22708,0.042351701538115
22709,0.042351701538115
22710,0.05001007766844
22711,0.044120829019077
22712,0.047794987093547
22713,0.044984948495254
22714,0.044984948495254
22715,0.044481375603762
22716,0.044481375603762
22717,0.044481375603762
22718,0.044481375603762
22719,0.044863395493816
22720,0.044863395493816
22721,0.042570926642839
22722,0.044863395493816
22723,0.044863395493816
22724,0.044863395493816
22725,0.045265412501667
22726,0.045686060690304
22727,0.045686060690304
22728,0.048494051780624
22729,0.037017364595993
22730,0.037810869331217
22731,0.017700553314817
22732,0.01678912535673
22733,0.017328643743393
22734,0.01911658851012
22735,0.019036509533265
22736,0.019036509533265
22737,0.020046594361424
22738,0.015566017568647
22739,0.012876074722714
22740,0.01990005753644
22741,0.010843133765033
22742,0.01630277022797
22743,0.009132837455916
22744,0.004566979665556
22745,0
22746,0
22747,0
22748,0
22749,0
22750,0
22751,0
22752,0
22753,0
22754,0
22755,0
22756,0
22757,0
22758,0
22759,0
22760,0
22761,0
22762,0.014671098724669
22763,0
22764,0
22765,0
22766,0
22767,0
22768,0
22769,0
22770,0
22771,0.004524926396441
22772,0
22773,0
22774,0
22775,0
22776,0
22777,0
22778,0.004524926396441
22779,0.020498721260731
22780,0
22781,0
22782,0.045343380251292
22783,0
22784,0
22785,0.004524926396441
22786,0
22787,0
22788,0.004524926396441
22789,0
22790,0
22791,0.003409586342741
22792,0
22793,0
22794,0
22795,0.013837510902868
22796,0
22797,0
22798,0
22799,0.004524926396441
22800,0
22801,0.004524926396441
22802,0
22803,0
22804,0
22805,0
22806,0.008193252071436
22807,0
22808,0
22809,0.004524926396441
22810,0.028388689086157
22811,0
22812,0.013638567996286
22813,0
22814,0
22815,0
22816,0
22817,0
22818,0.004524926396441
22819,0
22820,0
22821,0
22822,0
22823,0
22824,0
22825,0
22826,0
22827,0
22828,0
22829,0
22830,0
22831,0
22832,0
22833,0
22834,0
22835,0
22836,0
22837,0
22838,0
22839,0
22840,0
22841,0
22842,0
22843,0
22844,0
22845,0
22846,0
22847,0
22848,0
22849,0
22850,0
22851,0
22852,0
22853,0
22854,0
22855,0
22856,0
22857,0.004566979665556
22858,0
22859,0
22860,0
22861,0
22862,0
22863,0
22864,0
22865,0
22866,0.008193252071436
22867,0
22868,0
22869,0
22870,0
22871,0
22872,0
22873,0
22874,0
22875,0.024469960564301
22876,0.024469960564301
22877,0.019415247015156
22878,0.01545025260767
22879,0.019415247015156
22880,0.013750540344968
22881,0.013750540344968
22882,0.01545025260767
22883,0.01545025260767
22884,0.01545025260767
22885,0.01545025260767
22886,0.013750540344968
22887,0.013750540344968
22888,0.021464181397487
22889,0.013750540344968
22890,0.013750540344968
22891,0.013750540344968
22892,0.017318078239644
22893,0.017318078239644
22894,0.017318078239644
22895,0.017318078239644
22896,0.008696540099624
22897,0.014437890954473
22898,0.014437890954473
22899,0.012792377190853
22900,0.015749278793134
22901,0.014189679224795
22902,0.014189679224795
22903,0.015749278793134
22904,0.015749278793134
22905,0.012483927322916
22906,0.013806100960239
22907,0.013607530557984
22908,0.013806100960239
22909,0.015613492588756
22910,0.015312705158406
22911,0.015771058249096
22912,0.015301608756595
22913,0.014705137634402
22914,0.014705137634402
22915,0.015230521865192
22916,0.014574222511531
22917,0.012471161302074
22918,0.014581474841064
22919,0.014581474841064
22920,0.014581474841064
22921,0.014581474841064
22922,0.014581474841064
22923,0.015937098084802
22924,0.014188667079869
22925,0.014188667079869
22926,0.014615247750188
22927,0.016813414893707
22928,0.016813414893707
22929,0.019905993222763
22930,0.019905993222763
22931,0.019905993222763
22932,0.019905993222763
22933,0.019905993222763
22934,0.019905993222763
22935,0.019905993222763
22936,0.019905993222763
22937,0.019905993222763
22938,0.020899567378545
22939,0.020899567378545
22940,0.020899567378545
22941,0.022415430572475
22942,0.022415430572475
22943,0.022415430572475
22944,0.022415430572475
22945,0.022415430572475
22946,0.022415430572475
22947,0.022415430572475
22948,0.023101311653168
22949,0.023101311653168
22950,0.009362338378156
22951,0.009362338378156
22952,0.010667380570703
22953,0.010667380570703
22954,0.010667380570703
22955,0.010667380570703
22956,0.010667380570703
22957,0.010667380570703
22958,0.010667380570703
22959,0.010667380570703
22960,0.010667380570703
22961,0.010667380570703
22962,0.010667380570703
22963,0.010667380570703
22964,0.010667380570703
22965,0.010667380570703
22966,0.010667380570703
22967,0.010667380570703
22968,0.010667380570703
22969,0.010667380570703
22970,0.010667380570703
22971,0.010667380570703
22972,0.010667380570703
22973,0.010667380570703
22974,0.010667380570703
22975,0.010667380570703
22976,0.00793103460234
22977,0.008626666513578
22978,0.009165892817742
22979,0.009165892817742
22980,0.009165892817742
22981,0.009165892817742
22982,0.009165892817742
22983,0.009165892817742
22984,0.009165892817742
22985,0.009165892817742
22986,0.00699892422751
22987,0.009165892817742
22988,0.009165892817742
22989,0.009165892817742
22990,0.009165892817742
22991,0.009165892817742
22992,0.00648538801383
22993,0.009165892817742
22994,0.020032570217447
22995,0.014496904220286
22996,0.013837510902868
22997,0.009837735849711
22998,0.009837735849711
22999,0.009837735849711
23000,0.009837735849711
23001,0.009837735849711
23002,0.009837735849711
23003,0.009987165286114
23004,0.006498714989151
23005,0.006498714989151
23006,0.006498714989151
23007,0.006498714989151
23008,0.006498714989151
23009,0.006498714989151
23010,0.006498714989151
23011,0.017959757833209
23012,0.006498714989151
23013,0.006498714989151
23014,0.006498714989151
23015,0.006498714989151
23016,0.006498714989151
23017,0.006498714989151
23018,0.006498714989151
23019,0.006498714989151
23020,0.01172531028611
23021,0.006498714989151
23022,0.006498714989151
23023,0.006498714989151
23024,0.006498714989151
23025,0.006498714989151
23026,0.006498714989151
23027,0.006498714989151
23028,0.006498714989151
23029,0.010667380570703
23030,0.010667380570703
23031,0.010667380570703
23032,0.010667380570703
23033,0.010667380570703
23034,0.007983326086216
23035,0.007983326086216
23036,0.007983326086216
23037,0.007983326086216
23038,0.007983326086216
23039,0.007983326086216
23040,0.010993797628304
23041,0.010993797628304
23042,0.010993797628304
23043,0.010993797628304
23044,0.010993797628304
23045,0.012735715987732
23046,0.012735715987732
23047,0.014734845490179
23048,0.011132762475663
23049,0.010184840819639
23050,0.010184840819639
23051,0.010184840819639
23052,0.010184840819639
23053,0.010184840819639
23054,0.012765662517576
23055,0.012765662517576
23056,0.010672108288773
23057,0.010672108288773
23058,0.010672108288773
23059,0.010672108288773
23060,0.010672108288773
23061,0.010672108288773
23062,0.027620308168949
23063,0.009555621304797
23064,0.013002419572657
23065,0.013002419572657
23066,0.012587282564165
23067,0.011652782840882
23068,0.012587282564165
23069,0.01293439361837
23070,0.012644051662515
23071,0.009581787063046
23072,0.012508111779845
23073,0.0125028043613
23074,0.0125028043613
23075,0.011591255844043
23076,0.01149800827161
23077,0.012807893679619
23078,0.012807893679619
23079,0.014239689077715
23080,0.014769525300262
23081,0.013771748368028
23082,0.013470010334264
23083,0.015837957491837
23084,0.015837957491837
23085,0.014910208739175
23086,0.014718484710519
23087,0.014825496753441
23088,0.014600802602356
23089,0.014600802602356
23090,0.014899724802824
23091,0.014650608429352
23092,0.014656660844938
23093,0.014443995865047
23094,0.014803232956528
23095,0.018123258913366
23096,0.014932101687158
23097,0.014663090381829
23098,0.014633533667124
23099,0.014745947169686
23100,0.014847107625135
23101,0.015229162010201
23102,0.015422253292356
23103,0.015257240905461
23104,0.015257240905461
23105,0.016641536265717
23106,0.016641536265717
23107,0.01724605588179
23108,0.017230390743396
23109,0.017534201959795
23110,0.017567469851195
23111,0.019284287810445
23112,0.01855593230272
23113,0.02195309878145
23114,0.022575513125816
23115,0.022575513125816
23116,0.022938815083375
23117,0.024281746618232
23118,0.02380555897764
23119,0.024639923890516
23120,0.024019417004907
23121,0.035415205476027
23122,0.046498759037793
23123,0.047477505252381
23124,0.046174845073677
23125,0.048748487493221
23126,0.055519353715178
23127,0.08205483165573
23128,0.117076188943062
23129,0.148236685999834
23130,0.143216280122377
23131,0.147485245061326
23132,0.148236685999834
23133,0.151183813018898
23134,0.163688275217667
23135,0.154737742128178
23136,0.151906067600309
23137,0.124860006977389
23138,0.01528846347366
23139,0.01528846347366
23140,0.013258799182665
23141,0.013258799182665
23142,0.013144377731734
23143,0.013144377731734
23144,0.017647592571878
23145,0.022167008977422
23146,0.017647592571878
23147,0.017647592571878
23148,0.017647592571878
23149,0.014671098724669
23150,0.014671098724669
23151,0.014671098724669
23152,0.014671098724669
23153,0
23154,0
23155,0
23156,0
23157,0
23158,0
23159,0
23160,0
23161,0
23162,0
23163,0
23164,0
23165,0
23166,0
23167,0
23168,0
23169,0
23170,0
23171,0
23172,0
23173,0
23174,0
23175,0
23176,0
23177,0
23178,0.004524926396441
23179,0
23180,0
23181,0
23182,0
23183,0
23184,0
23185,0
23186,0
23187,0
23188,0
23189,0
23190,0
23191,0
23192,0
23193,0.003409586342741
23194,0
23195,0
23196,0
23197,0
23198,0
23199,0.011537573589594
23200,0
23201,0
23202,0
23203,0
23204,0
23205,0
23206,0
23207,0
23208,0
23209,0
23210,0
23211,0
23212,0
23213,0
23214,0
23215,0
23216,0
23217,0
23218,0
23219,0
23220,0.004524926396441
23221,0
23222,0.004566979665556
23223,0
23224,0
23225,0
23226,0
23227,0
23228,0
23229,0.004524926396441
23230,0
23231,0
23232,0.014671098724669
23233,0
23234,0
23235,0
23236,0
23237,0
23238,0.004524926396441
23239,0
23240,0
23241,0
23242,0
23243,0
23244,0.004524926396441
23245,0
23246,0
23247,0
23248,0
23249,0
23250,0
23251,0
23252,0
23253,0
23254,0
23255,0
23256,0
23257,0
23258,0
23259,0
23260,0
23261,0
23262,0
23263,0
23264,0
23265,0
23266,0
23267,0
23268,0
23269,0
23270,0
23271,0
23272,0.004524926396441
23273,0
23274,0.013837510902868
23275,0
23276,0
23277,0
23278,0
23279,0.004524926396441
23280,0
23281,0.004566979665556
23282,0
23283,0
23284,0
23285,0.004524926396441
23286,0
23287,0
23288,0
23289,0
23290,0
23291,0.004566979665556
23292,0
23293,0.008193252071436
23294,0
23295,0
23296,0
23297,0
23298,0
23299,0
23300,0
23301,0
23302,0
23303,0
23304,0
23305,0
23306,0
23307,0
23308,0
23309,0
23310,0.007924900094532
23311,0
23312,0
23313,0
23314,0
23315,0
23316,0
23317,0
23318,0
23319,0
23320,0
23321,0
23322,0
23323,0
23324,0
23325,0
23326,0
23327,0
23328,0
23329,0
23330,0
23331,0
23332,0
23333,0
23334,0
23335,0
23336,0
23337,0
23338,0
23339,0
23340,0
23341,0
23342,0
23343,0
23344,0
23345,0
23346,0
23347,0
23348,0
23349,0
23350,0
23351,0
23352,0
23353,0
23354,0
23355,0
23356,0
23357,0
23358,0
23359,0
23360,0
23361,0
23362,0
23363,0
23364,0
23365,0
23366,0
23367,0
23368,0
23369,0
23370,0
23371,0
23372,0
23373,0
23374,0
23375,0
23376,0
23377,0
23378,0
23379,0.004524926396441
23380,0
23381,0
23382,0
23383,0
23384,0
23385,0
23386,0
23387,0
23388,0
23389,0
23390,0
23391,0
23392,0
23393,0
23394,0
23395,0
23396,0
23397,0
23398,0
23399,0
23400,0
23401,0
23402,0
23403,0
23404,0
23405,0
23406,0
23407,0.004524926396441
23408,0
23409,0
23410,0
23411,0
23412,0
23413,0
23414,0
23415,0
23416,0
23417,0
23418,0
23419,0
23420,0
23421,0
23422,0
23423,0
23424,0
23425,0
23426,0
23427,0.013837510902868
23428,0
23429,0.004566979665556
23430,0
23431,0
23432,0
23433,0
23434,0.004524926396441
23435,0
23436,0
23437,0
23438,0
23439,0
23440,0
23441,0
23442,0
23443,0
23444,0
23445,0
23446,0.004524926396441
23447,0.004524926396441
23448,0.004566979665556
23449,0
23450,0
23451,0
23452,0
23453,0
23454,0
23455,0
23456,0
23457,0
23458,0
23459,0
23460,0
23461,0
23462,0
23463,0
23464,0
23465,0
23466,0
23467,0
23468,0
23469,0
23470,0
23471,0
23472,0
23473,0
23474,0
23475,0
23476,0
23477,0
23478,0
23479,0
23480,0
23481,0
23482,0
23483,0
23484,0
23485,0
23486,0
23487,0
23488,0
23489,0
23490,0
23491,0
23492,0
23493,0
23494,0
23495,0
23496,0
23497,0
23498,0
23499,0
23500,0
23501,0
23502,0
23503,0
23504,0
23505,0
23506,0
23507,0
23508,0
23509,0
23510,0
23511,0
23512,0
23513,0
23514,0
23515,0
23516,0
23517,0.009820222685491
23518,0
23519,0
23520,0
23521,0
23522,0
23523,0
23524,0.004566979665556
23525,0
23526,0
23527,0
23528,0.004524926396441
23529,0
23530,0
23531,0
23532,0
23533,0.004524926396441
23534,0
23535,0
23536,0
23537,0
23538,0
23539,0
23540,0
23541,0.004524926396441
23542,0
23543,0
23544,0
23545,0
23546,0
23547,0
23548,0
23549,0
23550,0
23551,0
23552,0
23553,0
23554,0
23555,0
23556,0
23557,0
23558,0
23559,0
23560,0
23561,0
23562,0
23563,0
23564,0
23565,0
23566,0
23567,0
23568,0
23569,0
23570,0
23571,0
23572,0
23573,0
23574,0
23575,0
23576,0
23577,0
23578,0
23579,0
23580,0
23581,0
23582,0
23583,0
23584,0
23585,0
23586,0
23587,0
23588,0
23589,0.004566979665556
23590,0
23591,0.090946296388515
23592,0.008230503035679
23593,0
23594,0
23595,0.013230977310969
23596,0.009645944715009
23597,0.013837510902868
23598,0
23599,0
23600,0
23601,0.009837735849711
23602,0
23603,0
23604,0.090946296388515
23605,0.017303121900859
23606,0
23607,0
23608,0
23609,0
23610,0
23611,0
23612,0
23613,0
23614,0
23615,0
23616,0.004524926396441
23617,0
23618,0
23619,0.004524926396441
23620,0
23621,0
23622,0
23623,0.014736387197909
23624,0.018597551711428
23625,0
23626,0.013837510902868
23627,0.004566979665556
23628,0
23629,0.004524926396441
23630,0
23631,0
23632,0.013837510902868
23633,0.004524926396441
23634,0.008268119335517
23635,0
23636,0.004524926396441
23637,0.006187036991629
23638,0
23639,0
23640,0
23641,0
23642,0
23643,0
23644,0
23645,0
23646,0
23647,0
23648,0
23649,0
23650,0
23651,0
23652,0
23653,0
23654,0.004566979665556
23655,0
23656,0
23657,0
23658,0
23659,0
23660,0
23661,0.013837510902868
23662,0
23663,0.008268119335517
23664,0
23665,0
23666,0.004566979665556
23667,0
23668,0
23669,0
23670,0
23671,0.004524926396441
23672,0
23673,0.008230503035679
23674,0.004566979665556
23675,0
23676,0
23677,0
23678,0
23679,0
23680,0
23681,0
23682,0
23683,0
23684,0
23685,0
23686,0
23687,0.004524926396441
23688,0
23689,0
23690,0
23691,0
23692,0
23693,0
23694,0
23695,0
23696,0
23697,0
23698,0
23699,0
23700,0
23701,0
23702,0
23703,0
23704,0
23705,0
23706,0.003409586342741
23707,0
23708,0.008230503035679
23709,0
23710,0
23711,0
23712,0
23713,0
23714,0
23715,0.008193252071436
23716,0
23717,0
23718,0
23719,0
23720,0
23721,0
23722,0
23723,0
23724,0
23725,0
23726,0
23727,0
23728,0
23729,0
23730,0
23731,0
23732,0
23733,0
23734,0
23735,0
23736,0
23737,0
23738,0
23739,0
23740,0
23741,0
23742,0
23743,0
23744,0
23745,0
23746,0
23747,0
23748,0
23749,0
23750,0
23751,0
23752,0
23753,0
23754,0
23755,0
23756,0
23757,0.004566979665556
23758,0
23759,0
23760,0
23761,0.004524926396441
23762,0
23763,0
23764,0
23765,0
23766,0
23767,0
23768,0
23769,0
23770,0
23771,0
23772,0.004524926396441
23773,0
23774,0
23775,0
23776,0
23777,0
23778,0
23779,0
23780,0
23781,0
23782,0
23783,0
23784,0
23785,0
23786,0
23787,0
23788,0
23789,0.004524926396441
23790,0
23791,0
23792,0
23793,0
23794,0
23795,0
23796,0
23797,0
23798,0
23799,0
23800,0
23801,0
23802,0
23803,0
23804,0
23805,0
23806,0
23807,0
23808,0
23809,0
23810,0
23811,0
23812,0
23813,0.013837510902868
23814,0.188111315171848
23815,0.146725433131974
23816,0.047441410045147
23817,0.047441410045147
23818,0
23819,0
23820,0
23821,0
23822,0
23823,0
23824,0.111172309113881
23825,0.213322562205656
23826,0.217623842674907
23827,0
23828,0
23829,0
23830,0
23831,0
23832,0
23833,0
23834,0
23835,0
23836,0
23837,0
23838,0
23839,0
23840,0.004566979665556
23841,0.008268119335517
23842,0.008268119335517
23843,0.008268119335517
23844,0.008268119335517
23845,0.008268119335517
23846,0.008268119335517
23847,0.008268119335517
23848,0.008268119335517
23849,0.008268119335517
23850,0.008268119335517
23851,0.008268119335517
23852,0
23853,0.004566979665556
23854,0.004566979665556
23855,0
23856,0
23857,0
23858,0
23859,0
23860,0
23861,0
23862,0
23863,0
23864,0
23865,0.024469960564301
23866,0
23867,0.008268119335517
23868,0
23869,0
23870,0
23871,0
23872,0
23873,0
23874,0
23875,0
23876,0.012715980371592
23877,0
23878,0
23879,0
23880,0
23881,0.004524926396441
23882,0
23883,0
23884,0
23885,0
23886,0
23887,0
23888,0
23889,0
23890,0
23891,0
23892,0
23893,0
23894,0
23895,0
23896,0
23897,0
23898,0
23899,0
23900,0
23901,0
23902,0
23903,0
23904,0.017647592571878
23905,0
23906,0.004524926396441
23907,0
23908,0.004566979665556
23909,0
23910,0
23911,0
23912,0
23913,0
23914,0
23915,0
23916,0.004566979665556
23917,0
23918,0.004524926396441
23919,0
23920,0
23921,0
23922,0
23923,0
23924,0
23925,0
23926,0
23927,0
23928,0
23929,0
23930,0
23931,0
23932,0
23933,0
23934,0
23935,0
23936,0
23937,0
23938,0
23939,0
23940,0
23941,0
23942,0
23943,0
23944,0
23945,0
23946,0
23947,0
23948,0
23949,0
23950,0
23951,0
23952,0
23953,0
23954,0
23955,0
23956,0.011537573589594
23957,0
23958,0
23959,0
23960,0
23961,0
23962,0
23963,0
23964,0
23965,0
23966,0
23967,0
23968,0
23969,0
23970,0
23971,0
23972,0
23973,0
23974,0
23975,0
23976,0
23977,0
23978,0
23979,0
23980,0
23981,0
23982,0
23983,0.004566979665556
23984,0
23985,0
23986,0
23987,0
23988,0
23989,0
23990,0.004524926396441
23991,0
23992,0
23993,0.013837510902868
23994,0.013837510902868
23995,0.010085295872812
23996,0.004566979665556
23997,0.042498706585297
23998,0
23999,0.00545452688743
24000,0
24001,0
24002,0
24003,0.004524926396441
24004,0
24005,0.004524926396441
24006,0
24007,0
24008,0.008193252071436
24009,0
24010,0
24011,0
24012,0
24013,0
24014,0
24015,0
24016,0
24017,0
24018,0
24019,0
24020,0
24021,0
24022,0.007818077991138
24023,0
24024,0
24025,0.008230503035679
24026,0
24027,0
24028,0
24029,0
24030,0
24031,0.023903496668383
24032,0
24033,0
24034,0.004566979665556
24035,0
24036,0
24037,0
24038,0
24039,0
24040,0
24041,0
24042,0
24043,0
24044,0
24045,0
24046,0.004524926396441
24047,0
24048,0.00545610238078
24049,0
24050,0
24051,0
24052,0
24053,0
24054,0
24055,0
24056,0.004566979665556
24057,0
24058,0
24059,0
24060,0
24061,0
24062,0
24063,0
24064,0
24065,0
24066,0
24067,0
24068,0
24069,0
24070,0
24071,0
24072,0
24073,0
24074,0
24075,0
24076,0
24077,0
24078,0.008193252071436
24079,0
24080,0
24081,0.004524926396441
24082,0
24083,0
24084,0
24085,0
24086,0
24087,0
24088,0
24089,0
24090,0
24091,0
24092,0
24093,0
24094,0
24095,0
24096,0
24097,0
24098,0
24099,0
24100,0
24101,0
24102,0
24103,0.004524926396441
24104,0.004524926396441
24105,0
24106,0
24107,0.004524926396441
24108,0
24109,0.004566979665556
24110,0
24111,0
24112,0
24113,0
24114,0
24115,0
24116,0
24117,0
24118,0
24119,0
24120,0
24121,0
24122,0
24123,0
24124,0
24125,0.004524926396441
24126,0
24127,0
24128,0
24129,0
24130,0
24131,0
24132,0
24133,0
24134,0.013837510902868
24135,0.024469960564301
24136,0
24137,0.003409586342741
24138,0.004524926396441
24139,0
24140,0
24141,0
24142,0
24143,0
24144,0
24145,0.004524926396441
24146,0.008193252071436
24147,0
24148,0
24149,0
24150,0
24151,0.004566979665556
24152,0
24153,0
24154,0
24155,0
24156,0
24157,0
24158,0
24159,0
24160,0
24161,0
24162,0
24163,0
24164,0
24165,0
24166,0
24167,0
24168,0
24169,0
24170,0
24171,0
24172,0
24173,0
24174,0
24175,0
24176,0
24177,0
24178,0
24179,0
24180,0
24181,0.004524926396441
24182,0.008193252071436
24183,0
24184,0
24185,0
24186,0
24187,0
24188,0
24189,0
24190,0
24191,0
24192,0
24193,0
24194,0.013837510902868
24195,0
24196,0.013904115767912
24197,0
24198,0
24199,0
24200,0
24201,0
24202,0
24203,0
24204,0
24205,0.02324540803067
24206,0
24207,0
24208,0
24209,0
24210,0
24211,0.013837510902868
24212,0
24213,0
24214,0
24215,0
24216,0
24217,0
24218,0.004524926396441
24219,0
24220,0
24221,0
24222,0
24223,0
24224,0
24225,0
24226,0
24227,0
24228,0
24229,0
24230,0
24231,0
24232,0
24233,0.013837510902868
24234,0
24235,0.039838799461281
24236,0
24237,0
24238,0
24239,0
24240,0
24241,0
24242,0
24243,0
24244,0
24245,0
24246,0
24247,0
24248,0
24249,0
24250,0
24251,0
24252,0
24253,0
24254,0
24255,0
24256,0
24257,0
24258,0
24259,0
24260,0
24261,0
24262,0
24263,0
24264,0
24265,0
24266,0
24267,0
24268,0.008230503035679
24269,0
24270,0
24271,0
24272,0
24273,0
24274,0
24275,0
24276,0
24277,0
24278,0
24279,0
24280,0
24281,0
24282,0
24283,0
24284,0
24285,0
24286,0
24287,0
24288,0
24289,0
24290,0
24291,0
24292,0
24293,0
24294,0.004566979665556
24295,0
24296,0
24297,0
24298,0
24299,0
24300,0.013837510902868
24301,0
24302,0
24303,0.008193252071436
24304,0
24305,0
24306,0
24307,0
24308,0
24309,0
24310,0
24311,0
24312,0
24313,0
24314,0
24315,0
24316,0
24317,0
24318,0
24319,0
24320,0
24321,0
24322,0
24323,0
24324,0
24325,0
24326,0
24327,0.004566979665556
24328,0
24329,0
24330,0
24331,0
24332,0
24333,0
24334,0
24335,0
24336,0
24337,0
24338,0
24339,0
24340,0
24341,0
24342,0
24343,0
24344,0
24345,0
24346,0
24347,0.004566979665556
24348,0
24349,0
24350,0
24351,0.004524926396441
24352,0
24353,0.013837510902868
24354,0
24355,0
24356,0.004524926396441
24357,0
24358,0
24359,0
24360,0
24361,0
24362,0
24363,0
24364,0
24365,0
24366,0
24367,0
24368,0
24369,0.008230503035679
24370,0
24371,0
24372,0.004524926396441
24373,0.004566979665556
24374,0
24375,0.013837510902868
24376,0
24377,0
24378,0
24379,0.013837510902868
24380,0.004566979665556
24381,0
24382,0
24383,0.008230503035679
24384,0
24385,0
24386,0.004524926396441
24387,0
24388,0
24389,0
24390,0
24391,0
24392,0
24393,0
24394,0
24395,0
24396,0
24397,0
24398,0
24399,0
24400,0
24401,0
24402,0
24403,0
24404,0
24405,0
24406,0
24407,0
24408,0
24409,0
24410,0
24411,0
24412,0.033883027277647
24413,0
24414,0.011641752657893
24415,0
24416,0
24417,0
24418,0
24419,0
24420,0
24421,0
24422,0
24423,0.017647592571878
24424,0
24425,0
24426,0.004524926396441
24427,0
24428,0
24429,0
24430,0
24431,0
24432,0
24433,0
24434,0
24435,0
24436,0
24437,0
24438,0
24439,0
24440,0
24441,0
24442,0
24443,0
24444,0
24445,0
24446,0
24447,0
24448,0
24449,0
24450,0
24451,0
24452,0
24453,0
24454,0
24455,0
24456,0
24457,0
24458,0
24459,0
24460,0
24461,0
24462,0
24463,0
24464,0
24465,0
24466,0
24467,0
24468,0
24469,0
24470,0
24471,0
24472,0
24473,0
24474,0
24475,0
24476,0
24477,0
24478,0
24479,0
24480,0
24481,0
24482,0
24483,0
24484,0
24485,0
24486,0
24487,0
24488,0
24489,0
24490,0
24491,0
24492,0
24493,0
24494,0
24495,0
24496,0
24497,0
24498,0
24499,0
24500,0.013837510902868
24501,0
24502,0
24503,0
24504,0
24505,0
24506,0
24507,0
24508,0
24509,0
24510,0.008193252071436
24511,0
24512,0
24513,0
24514,0
24515,0
24516,0
24517,0
24518,0
24519,0
24520,0
24521,0
24522,0
24523,0
24524,0
24525,0
24526,0
24527,0
24528,0
24529,0
24530,0
24531,0
24532,0
24533,0
24534,0
24535,0
24536,0
24537,0
24538,0
24539,0
24540,0
24541,0
24542,0
24543,0.004524926396441
24544,0
24545,0
24546,0
24547,0
24548,0
24549,0
24550,0
24551,0
24552,0
24553,0
24554,0
24555,0
24556,0
24557,0
24558,0
24559,0
24560,0
24561,0
24562,0
24563,0
24564,0
24565,0
24566,0
24567,0
24568,0
24569,0
24570,0
24571,0
24572,0
24573,0
24574,0
24575,0
24576,0
24577,0
24578,0
24579,0
24580,0
24581,0
24582,0
24583,0.013837510902868
24584,0
24585,0
24586,0
24587,0
24588,0
24589,0
24590,0
24591,0
24592,0
24593,0
24594,0.004524926396441
24595,0
24596,0
24597,0
24598,0
24599,0
24600,0
24601,0
24602,0
24603,0
24604,0
24605,0
24606,0
24607,0
24608,0
24609,0
24610,0
24611,0
24612,0
24613,0
24614,0
24615,0.008230503035679
24616,0
24617,0.024469960564301
24618,0
24619,0.006187036991629
24620,0.004566979665556
24621,0
24622,0.004524926396441
24623,0
24624,0.008193252071436
24625,0
24626,0
24627,0
24628,0.020498721260731
24629,0
24630,0
24631,0
24632,0
24633,0
24634,0
24635,0
24636,0
24637,0.008230503035679
24638,0
24639,0.013837510902868
24640,0.004524926396441
24641,0
24642,0
24643,0
24644,0
24645,0
24646,0
24647,0
24648,0
24649,0
24650,0.009048754723412
24651,0
24652,0
24653,0
24654,0
24655,0
24656,0
24657,0
24658,0
24659,0
24660,0
24661,0
24662,0
24663,0
24664,0
24665,0
24666,0
24667,0
24668,0
24669,0
24670,0
24671,0
24672,0
24673,0
24674,0
24675,0
24676,0
24677,0
24678,0
24679,0
24680,0
24681,0
24682,0
24683,0
24684,0
24685,0
24686,0
24687,0
24688,0
24689,0
24690,0
24691,0
24692,0
24693,0
24694,0.024469960564301
24695,0
24696,0
24697,0
24698,0
24699,0.008230503035679
24700,0
24701,0
24702,0
24703,0
24704,0
24705,0.004524926396441
24706,0
24707,0
24708,0.004524926396441
24709,0
24710,0
24711,0
24712,0
24713,0
24714,0
24715,0
24716,0
24717,0
24718,0
24719,0
24720,0
24721,0
24722,0
24723,0
24724,0
24725,0
24726,0.004524926396441
24727,0
24728,0
24729,0
24730,0
24731,0
24732,0
24733,0
24734,0
24735,0
24736,0
24737,0
24738,0
24739,0
24740,0
24741,0
24742,0
24743,0
24744,0
24745,0
24746,0
24747,0
24748,0
24749,0
24750,0
24751,0
24752,0.013837510902868
24753,0.004524926396441
24754,0
24755,0
24756,0
24757,0
24758,0
24759,0
24760,0
24761,0
24762,0
24763,0
24764,0
24765,0.004524926396441
24766,0
24767,0
24768,0
24769,0
24770,0
24771,0.004524926396441
24772,0
24773,0
24774,0
24775,0
24776,0
24777,0
24778,0
24779,0
24780,0
24781,0
24782,0
24783,0
24784,0
24785,0
24786,0
24787,0
24788,0
24789,0
24790,0
24791,0.013837510902868
24792,0.004566979665556
24793,0
24794,0.009166597261533
24795,0
24796,0
24797,0
24798,0
24799,0
24800,0
24801,0
24802,0.008193252071436
24803,0
24804,0
24805,0.004524926396441
24806,0
24807,0
24808,0
24809,0
24810,0
24811,0
24812,0
24813,0
24814,0
24815,0
24816,0
24817,0
24818,0
24819,0
24820,0
24821,0
24822,0
24823,0
24824,0
24825,0
24826,0
24827,0
24828,0
24829,0.008193252071436
24830,0
24831,0
24832,0
24833,0.004566979665556
24834,0
24835,0
24836,0
24837,0
24838,0
24839,0
24840,0
24841,0.013837510902868
24842,0.008193252071436
24843,0
24844,0
24845,0
24846,0.013837510902868
24847,0
24848,0
24849,0
24850,0.004524926396441
24851,0
24852,0
24853,0
24854,0
24855,0
24856,0
24857,0
24858,0.004566979665556
24859,0
24860,0
24861,0
24862,0.013837510902868
24863,0
24864,0.004566979665556
24865,0
24866,0
24867,0.008193252071436
24868,0
24869,0.013837510902868
24870,0.008193252071436
24871,0
24872,0
24873,0.008193252071436
24874,0
24875,0
24876,0
24877,0
24878,0
24879,0
24880,0.014671098724669
24881,0
24882,0
24883,0
24884,0
24885,0
24886,0
24887,0
24888,0
24889,0
24890,0
24891,0
24892,0
24893,0
24894,0
24895,0
24896,0
24897,0
24898,0
24899,0
24900,0
24901,0
24902,0
24903,0.008268119335517
24904,0
24905,0
24906,0
24907,0
24908,0
24909,0
24910,0
24911,0.004566979665556
24912,0.004524926396441
24913,0
24914,0
24915,0
24916,0
24917,0
24918,0
24919,0
24920,0
24921,0
24922,0
24923,0.013837510902868
24924,0
24925,0.008268119335517
24926,0
24927,0
24928,0
24929,0
24930,0
24931,0.004566979665556
24932,0
24933,0
24934,0.004524926396441
24935,0
24936,0
24937,0
24938,0
24939,0
24940,0
24941,0
24942,0
24943,0
24944,0
24945,0
24946,0
24947,0
24948,0
24949,0
24950,0
24951,0.004566979665556
24952,0
24953,0
24954,0.004524926396441
24955,0
24956,0
24957,0
24958,0
24959,0
24960,0
24961,0
24962,0
24963,0
24964,0
24965,0
24966,0.008230503035679
24967,0.008193252071436
24968,0
24969,0
24970,0
24971,0
24972,0
24973,0
24974,0
24975,0
24976,0
24977,0
24978,0
24979,0
24980,0
24981,0
24982,0
24983,0
24984,0
24985,0
24986,0
24987,0
24988,0
24989,0
24990,0
24991,0
24992,0
24993,0
24994,0
24995,0
24996,0
24997,0
24998,0
24999,0
25000,0
25001,0
25002,0
25003,0
25004,0
25005,0
25006,0.004524926396441
25007,0
25008,0.004524926396441
25009,0.004566979665556
25010,0
25011,0
25012,0
25013,0
25014,0
25015,0
25016,0
25017,0
25018,0.008193252071436
25019,0
25020,0
25021,0
25022,0
25023,0
25024,0
25025,0
25026,0
25027,0
25028,0
25029,0
25030,0
25031,0
25032,0
25033,0
25034,0
25035,0
25036,0
25037,0
25038,0
25039,0
25040,0
25041,0
25042,0
25043,0.013837510902868
25044,0
25045,0
25046,0.024469960564301
25047,0
25048,0
25049,0.013837510902868
25050,0
25051,0
25052,0
25053,0
25054,0.004524926396441
25055,0
25056,0
25057,0
25058,0
25059,0
25060,0
25061,0
25062,0
25063,0
25064,0
25065,0
25066,0
25067,0
25068,0
25069,0
25070,0
25071,0
25072,0
25073,0
25074,0
25075,0
25076,0
25077,0
25078,0
25079,0
25080,0
25081,0
25082,0.004524926396441
25083,0
25084,0
25085,0.013837510902868
25086,0
25087,0.008230503035679
25088,0
25089,0
25090,0
25091,0
25092,0
25093,0
25094,0
25095,0.020679217582954
25096,0
25097,0
25098,0
25099,0
25100,0
25101,0
25102,0
25103,0
25104,0.004524926396441
25105,0.014736387197909
25106,0
25107,0.008230503035679
25108,0
25109,0
25110,0
25111,0
25112,0
25113,0
25114,0
25115,0
25116,0
25117,0
25118,0
25119,0
25120,0
25121,0
25122,0
25123,0.004524926396441
25124,0
25125,0
25126,0
25127,0
25128,0
25129,0
25130,0
25131,0
25132,0
25133,0
25134,0
25135,0
25136,0.050517361987076
25137,0
25138,0.036084916065922
25139,0
25140,0
25141,0
25142,0
25143,0.004524926396441
25144,0.020869163791056
25145,0
25146,0
25147,0.035824540506434
25148,0
25149,0
25150,0
25151,0
25152,0
25153,0.013837510902868
25154,0
25155,0
25156,0
25157,0
25158,0
25159,0.004566979665556
25160,0
25161,0
25162,0
25163,0
25164,0
25165,0
25166,0
25167,0
25168,0.013837510902868
25169,0
25170,0.03052764750992
25171,0
25172,0
25173,0
25174,0
25175,0
25176,0
25177,0
25178,0
25179,0.017647592571878
25180,0
25181,0.004566979665556
25182,0.004524926396441
25183,0
25184,0
25185,0
25186,0
25187,0
25188,0
25189,0
25190,0
25191,0.004524926396441
25192,0
25193,0
25194,0
25195,0
25196,0
25197,0
25198,0
25199,0
25200,0
25201,0
25202,0
25203,0
25204,0
25205,0
25206,0
25207,0
25208,0
25209,0
25210,0
25211,0
25212,0
25213,0
25214,0
25215,0.008193252071436
25216,0
25217,0.00545452688743
25218,0
25219,0
25220,0
25221,0
25222,0
25223,0
25224,0
25225,0
25226,0.011537573589594
25227,0
25228,0.008230503035679
25229,0
25230,0
25231,0
25232,0
25233,0
25234,0
25235,0
25236,0
25237,0
25238,0
25239,0
25240,0.014736387197909
25241,0
25242,0
25243,0
25244,0
25245,0
25246,0
25247,0
25248,0.004566979665556
25249,0.013837510902868
25250,0
25251,0.008193252071436
25252,0
25253,0
25254,0
25255,0
25256,0
25257,0.011537573589594
25258,0
25259,0
25260,0
25261,0
25262,0
25263,0
25264,0.024469960564301
25265,0
25266,0.011963282727969
25267,0
25268,0
25269,0
25270,0.033883027277647
25271,0
25272,0.004566979665556
25273,0
25274,0.004524926396441
25275,0.014671098724669
25276,0
25277,0
25278,0
25279,0
25280,0
25281,0.017647592571878
25282,0
25283,0.008193252071436
25284,0.011537573589594
25285,0
25286,0
25287,0
25288,0
25289,0
25290,0
25291,0
25292,0
25293,0
25294,0
25295,0.004524926396441
25296,0
25297,0
25298,0
25299,0.013837510902868
25300,0
25301,0.007818077991138
25302,0.015561802758839
25303,0
25304,0
25305,0.004524926396441
25306,0
25307,0
25308,0
25309,0
25310,0.011537573589594
25311,0.005481919004578
25312,0
25313,0
25314,0
25315,0
25316,0
25317,0.004566979665556
25318,0
25319,0
25320,0
25321,0
25322,0
25323,0
25324,0
25325,0
25326,0
25327,0
25328,0
25329,0
25330,0
25331,0
25332,0
25333,0
25334,0
25335,0
25336,0
25337,0
25338,0
25339,0
25340,0
25341,0
25342,0
25343,0
25344,0
25345,0
25346,0
25347,0.033883027277647
25348,0.004524926396441
25349,0.011641752657893
25350,0
25351,0.004566979665556
25352,0
25353,0.004566979665556
25354,0
25355,0
25356,0
25357,0.004524926396441
25358,0
25359,0
25360,0
25361,0
25362,0.009048754723412
25363,0.009048754723412
25364,0.004524926396441
25365,0.004566979665556
25366,0
25367,0
25368,0
25369,0
25370,0
25371,0.011537573589594
25372,0.011537573589594
25373,0.011537573589594
25374,0.011537573589594
25375,0.011537573589594
25376,0.011537573589594
25377,0.011537573589594
25378,0.011537573589594
25379,0.011537573589594
25380,0.010197820323941
25381,0.011537573589594
25382,0.011537573589594
25383,0.009645944715009
25384,0.011537573589594
