,A,may,jun,s_bar,sq1,sq2,num,final
0,0,0.0,0.0,0.0,0.0,0.0,0.0,
1,1,0.0,0.0,0.0,0.0,0.0,0.0,
2,2,0.0,0.0,0.0,0.0,0.0,0.0,
3,3,0.0,0.0,0.0,0.0,0.0,0.0,
4,4,0.0539614530501749,0.0,0.02698072652508745,0.0007279596038215575,0.0007279596038215575,0.0007279596038215575,0.02698072652508745
5,5,0.0,0.0,0.0,0.0,0.0,0.0,
6,6,0.0,0.0,0.0,0.0,0.0,0.0,
7,7,0.0,0.0,0.0,0.0,0.0,0.0,
8,8,0.0,0.0,0.0,0.0,0.0,0.0,
9,9,0.0,0.0,0.0,0.0,0.0,0.0,
10,10,0.0,0.0,0.0,0.0,0.0,0.0,
11,11,0.0,0.0,0.0,0.0,0.0,0.0,
12,12,0.0,0.0,0.0,0.0,0.0,0.0,
13,13,0.0,0.0,0.0,0.0,0.0,0.0,
14,14,0.0,0.0,0.0,0.0,0.0,0.0,
15,15,0.0,0.0,0.0,0.0,0.0,0.0,
16,16,0.0,0.0,0.0,0.0,0.0,0.0,
17,17,0.0,0.0,0.0,0.0,0.0,0.0,
18,18,0.0,0.0,0.0,0.0,0.0,0.0,
19,19,0.0,0.0,0.0,0.0,0.0,0.0,
20,20,0.0,0.0,0.0,0.0,0.0,0.0,
21,21,0.0,0.0,0.0,0.0,0.0,0.0,
22,22,0.0,0.0,0.0,0.0,0.0,0.0,
23,23,0.0,0.0,0.0,0.0,0.0,0.0,
24,24,0.0,0.0,0.0,0.0,0.0,0.0,
25,25,0.0,0.0,0.0,0.0,0.0,0.0,
26,26,0.0,0.0,0.0,0.0,0.0,0.0,
27,27,0.0,0.0,0.0,0.0,0.0,0.0,
28,28,0.0,0.0,0.0,0.0,0.0,0.0,
29,29,0.0,0.0,0.0,0.0,0.0,0.0,
30,30,0.0,0.0,0.0,0.0,0.0,0.0,
31,31,0.0,0.0,0.0,0.0,0.0,0.0,
32,32,0.0,0.0,0.0,0.0,0.0,0.0,
33,33,0.0,0.0,0.0,0.0,0.0,0.0,
34,34,0.0,0.0,0.0,0.0,0.0,0.0,
35,35,0.0,0.0,0.0,0.0,0.0,0.0,
36,36,0.0,0.0,0.0,0.0,0.0,0.0,
37,37,0.0,0.0,0.0,0.0,0.0,0.0,
38,38,0.0,0.0,0.0,0.0,0.0,0.0,
39,39,0.0,0.0,0.0,0.0,0.0,0.0,
40,40,0.0,0.0,0.0,0.0,0.0,0.0,
41,41,0.0,0.0,0.0,0.0,0.0,0.0,
42,42,0.0,0.0,0.0,0.0,0.0,0.0,
43,43,0.0,0.0,0.0,0.0,0.0,0.0,
44,44,0.0,0.0,0.0,0.0,0.0,0.0,
45,45,0.0,0.0,0.0,0.0,0.0,0.0,
46,46,0.0,0.0,0.0,0.0,0.0,0.0,
47,47,0.0,0.0,0.0,0.0,0.0,0.0,
48,48,0.0,0.0,0.0,0.0,0.0,0.0,
49,49,0.0,0.0,0.0,0.0,0.0,0.0,
50,50,0.0,0.0,0.0,0.0,0.0,0.0,
51,51,0.0,0.0,0.0,0.0,0.0,0.0,
52,52,0.0,0.0,0.0,0.0,0.0,0.0,
53,53,0.0,0.0,0.0,0.0,0.0,0.0,
54,54,0.0,0.0,0.0,0.0,0.0,0.0,
55,55,0.0,0.0,0.0,0.0,0.0,0.0,
56,56,0.0,0.0,0.0,0.0,0.0,0.0,
57,57,0.0,0.0,0.0,0.0,0.0,0.0,
58,58,0.0,0.0,0.0,0.0,0.0,0.0,
59,59,0.0,0.0,0.0,0.0,0.0,0.0,
60,60,0.0,0.0,0.0,0.0,0.0,0.0,
61,61,0.0,0.0,0.0,0.0,0.0,0.0,
62,62,0.0,0.0,0.0,0.0,0.0,0.0,
63,63,0.0,0.0,0.0,0.0,0.0,0.0,
64,64,0.0,0.0,0.0,0.0,0.0,0.0,
65,65,0.0,0.0,0.0,0.0,0.0,0.0,
66,66,0.0,0.0,0.0,0.0,0.0,0.0,
67,67,0.0,0.0,0.0,0.0,0.0,0.0,
68,68,0.0,0.0,0.0,0.0,0.0,0.0,
69,69,0.0,0.0,0.0,0.0,0.0,0.0,
70,70,0.0,0.0,0.0,0.0,0.0,0.0,
71,71,0.0,0.0,0.0,0.0,0.0,0.0,
72,72,0.0,0.0,0.0,0.0,0.0,0.0,
73,73,0.0,0.0,0.0,0.0,0.0,0.0,
74,74,0.0,0.0,0.0,0.0,0.0,0.0,
75,75,0.0,0.0,0.0,0.0,0.0,0.0,
76,76,0.0,0.0,0.0,0.0,0.0,0.0,
77,77,0.0,0.0,0.0,0.0,0.0,0.0,
78,78,0.0,0.0,0.0,0.0,0.0,0.0,
79,79,0.0,0.0,0.0,0.0,0.0,0.0,
80,80,0.0,0.0,0.0,0.0,0.0,0.0,
81,81,0.0,0.0,0.0,0.0,0.0,0.0,
82,82,0.0,0.0,0.0,0.0,0.0,0.0,
83,83,0.0,0.0,0.0,0.0,0.0,0.0,
84,84,0.0,0.0,0.0,0.0,0.0,0.0,
85,85,0.0,0.0,0.0,0.0,0.0,0.0,
86,86,0.0,0.0,0.0,0.0,0.0,0.0,
87,87,0.0,0.0,0.0,0.0,0.0,0.0,
88,88,0.0,0.0,0.0,0.0,0.0,0.0,
89,89,0.0,0.0,0.0,0.0,0.0,0.0,
90,90,0.0,0.0,0.0,0.0,0.0,0.0,
91,91,0.0,0.0,0.0,0.0,0.0,0.0,
92,92,0.0,0.0,0.0,0.0,0.0,0.0,
93,93,0.0,0.0,0.0,0.0,0.0,0.0,
94,94,0.0,0.0,0.0,0.0,0.0,0.0,
95,95,0.0,0.0,0.0,0.0,0.0,0.0,
96,96,0.0,0.0,0.0,0.0,0.0,0.0,
97,97,0.0,0.0,0.0,0.0,0.0,0.0,
98,98,0.0,0.0,0.0,0.0,0.0,0.0,
99,99,0.0,0.0,0.0,0.0,0.0,0.0,
100,100,0.0,0.0,0.0,0.0,0.0,0.0,
101,101,0.0,0.0,0.0,0.0,0.0,0.0,
102,102,0.0,0.0,0.0,0.0,0.0,0.0,
103,103,0.0,0.0,0.0,0.0,0.0,0.0,
104,104,0.0,0.0,0.0,0.0,0.0,0.0,
105,105,0.0,0.0,0.0,0.0,0.0,0.0,
106,106,0.0,0.0,0.0,0.0,0.0,0.0,
107,107,0.0,0.0,0.0,0.0,0.0,0.0,
108,108,0.0,0.0,0.0,0.0,0.0,0.0,
109,109,0.0,0.0,0.0,0.0,0.0,0.0,
110,110,0.0,0.0,0.0,0.0,0.0,0.0,
111,111,0.0,0.0,0.0,0.0,0.0,0.0,
112,112,0.0539614530501749,0.0,0.02698072652508745,0.0007279596038215575,0.0007279596038215575,0.0007279596038215575,0.02698072652508745
113,113,0.0539614530501749,0.0,0.02698072652508745,0.0007279596038215575,0.0007279596038215575,0.0007279596038215575,0.02698072652508745
114,114,0.0539614530501749,0.0,0.02698072652508745,0.0007279596038215575,0.0007279596038215575,0.0007279596038215575,0.02698072652508745
115,115,0.0539614530501749,0.0,0.02698072652508745,0.0007279596038215575,0.0007279596038215575,0.0007279596038215575,0.02698072652508745
116,116,0.0539614530501749,0.0,0.02698072652508745,0.0007279596038215575,0.0007279596038215575,0.0007279596038215575,0.02698072652508745
117,117,0.0539614530501749,0.0,0.02698072652508745,0.0007279596038215575,0.0007279596038215575,0.0007279596038215575,0.02698072652508745
118,118,0.0539614530501749,0.0,0.02698072652508745,0.0007279596038215575,0.0007279596038215575,0.0007279596038215575,0.02698072652508745
119,119,0.0539614530501749,0.0,0.02698072652508745,0.0007279596038215575,0.0007279596038215575,0.0007279596038215575,0.02698072652508745
120,120,0.0539614530501749,0.0,0.02698072652508745,0.0007279596038215575,0.0007279596038215575,0.0007279596038215575,0.02698072652508745
121,121,0.0539614530501749,0.0,0.02698072652508745,0.0007279596038215575,0.0007279596038215575,0.0007279596038215575,0.02698072652508745
122,122,0.0539614530501749,0.0,0.02698072652508745,0.0007279596038215575,0.0007279596038215575,0.0007279596038215575,0.02698072652508745
123,123,0.0539614530501749,0.0,0.02698072652508745,0.0007279596038215575,0.0007279596038215575,0.0007279596038215575,0.02698072652508745
124,124,0.0539614530501749,0.0,0.02698072652508745,0.0007279596038215575,0.0007279596038215575,0.0007279596038215575,0.02698072652508745
125,125,0.0539614530501749,0.0,0.02698072652508745,0.0007279596038215575,0.0007279596038215575,0.0007279596038215575,0.02698072652508745
126,126,0.0539614530501749,0.0,0.02698072652508745,0.0007279596038215575,0.0007279596038215575,0.0007279596038215575,0.02698072652508745
127,127,0.0539614530501749,0.0,0.02698072652508745,0.0007279596038215575,0.0007279596038215575,0.0007279596038215575,0.02698072652508745
128,128,0.0539614530501749,0.0,0.02698072652508745,0.0007279596038215575,0.0007279596038215575,0.0007279596038215575,0.02698072652508745
129,129,0.0539614530501749,0.0,0.02698072652508745,0.0007279596038215575,0.0007279596038215575,0.0007279596038215575,0.02698072652508745
130,130,0.0539614530501749,0.0,0.02698072652508745,0.0007279596038215575,0.0007279596038215575,0.0007279596038215575,0.02698072652508745
131,131,0.0539614530501749,0.0,0.02698072652508745,0.0007279596038215575,0.0007279596038215575,0.0007279596038215575,0.02698072652508745
132,132,0.0539614530501749,0.0,0.02698072652508745,0.0007279596038215575,0.0007279596038215575,0.0007279596038215575,0.02698072652508745
133,133,0.0539614530501749,0.0,0.02698072652508745,0.0007279596038215575,0.0007279596038215575,0.0007279596038215575,0.02698072652508745
134,134,0.0539614530501749,0.0,0.02698072652508745,0.0007279596038215575,0.0007279596038215575,0.0007279596038215575,0.02698072652508745
135,135,0.0539614530501749,0.0,0.02698072652508745,0.0007279596038215575,0.0007279596038215575,0.0007279596038215575,0.02698072652508745
136,136,0.0539614530501749,0.0,0.02698072652508745,0.0007279596038215575,0.0007279596038215575,0.0007279596038215575,0.02698072652508745
137,137,0.0539614530501749,0.0,0.02698072652508745,0.0007279596038215575,0.0007279596038215575,0.0007279596038215575,0.02698072652508745
138,138,0.0539614530501749,0.0,0.02698072652508745,0.0007279596038215575,0.0007279596038215575,0.0007279596038215575,0.02698072652508745
139,139,0.0539614530501749,0.0,0.02698072652508745,0.0007279596038215575,0.0007279596038215575,0.0007279596038215575,0.02698072652508745
140,140,0.0539614530501749,0.0,0.02698072652508745,0.0007279596038215575,0.0007279596038215575,0.0007279596038215575,0.02698072652508745
141,141,0.0539614530501749,0.0,0.02698072652508745,0.0007279596038215575,0.0007279596038215575,0.0007279596038215575,0.02698072652508745
142,142,0.0539614530501749,0.0,0.02698072652508745,0.0007279596038215575,0.0007279596038215575,0.0007279596038215575,0.02698072652508745
143,143,0.0539614530501749,0.0,0.02698072652508745,0.0007279596038215575,0.0007279596038215575,0.0007279596038215575,0.02698072652508745
144,144,0.0539614530501749,0.0,0.02698072652508745,0.0007279596038215575,0.0007279596038215575,0.0007279596038215575,0.02698072652508745
145,145,0.0539614530501749,0.0,0.02698072652508745,0.0007279596038215575,0.0007279596038215575,0.0007279596038215575,0.02698072652508745
146,146,0.0539614530501749,0.0,0.02698072652508745,0.0007279596038215575,0.0007279596038215575,0.0007279596038215575,0.02698072652508745
147,147,0.0539614530501749,0.0,0.02698072652508745,0.0007279596038215575,0.0007279596038215575,0.0007279596038215575,0.02698072652508745
148,148,0.0539614530501749,0.0,0.02698072652508745,0.0007279596038215575,0.0007279596038215575,0.0007279596038215575,0.02698072652508745
149,149,0.0539614530501749,0.0,0.02698072652508745,0.0007279596038215575,0.0007279596038215575,0.0007279596038215575,0.02698072652508745
150,150,0.0539614530501749,0.0,0.02698072652508745,0.0007279596038215575,0.0007279596038215575,0.0007279596038215575,0.02698072652508745
151,151,0.0539614530501749,0.0,0.02698072652508745,0.0007279596038215575,0.0007279596038215575,0.0007279596038215575,0.02698072652508745
152,152,0.0539614530501749,0.0,0.02698072652508745,0.0007279596038215575,0.0007279596038215575,0.0007279596038215575,0.02698072652508745
153,153,0.0539614530501749,0.0,0.02698072652508745,0.0007279596038215575,0.0007279596038215575,0.0007279596038215575,0.02698072652508745
154,154,0.0539614530501749,0.0,0.02698072652508745,0.0007279596038215575,0.0007279596038215575,0.0007279596038215575,0.02698072652508745
155,155,0.0539614530501749,0.0,0.02698072652508745,0.0007279596038215575,0.0007279596038215575,0.0007279596038215575,0.02698072652508745
156,156,0.0539614530501749,0.0,0.02698072652508745,0.0007279596038215575,0.0007279596038215575,0.0007279596038215575,0.02698072652508745
157,157,0.0539614530501749,0.0,0.02698072652508745,0.0007279596038215575,0.0007279596038215575,0.0007279596038215575,0.02698072652508745
158,158,0.0539614530501749,0.0,0.02698072652508745,0.0007279596038215575,0.0007279596038215575,0.0007279596038215575,0.02698072652508745
159,159,0.0539614530501749,0.0,0.02698072652508745,0.0007279596038215575,0.0007279596038215575,0.0007279596038215575,0.02698072652508745
160,160,0.0539614530501749,0.0,0.02698072652508745,0.0007279596038215575,0.0007279596038215575,0.0007279596038215575,0.02698072652508745
161,161,0.0539614530501749,0.0,0.02698072652508745,0.0007279596038215575,0.0007279596038215575,0.0007279596038215575,0.02698072652508745
162,162,0.0539614530501749,0.0,0.02698072652508745,0.0007279596038215575,0.0007279596038215575,0.0007279596038215575,0.02698072652508745
163,163,0.0539614530501749,0.0,0.02698072652508745,0.0007279596038215575,0.0007279596038215575,0.0007279596038215575,0.02698072652508745
164,164,0.0539614530501749,0.0,0.02698072652508745,0.0007279596038215575,0.0007279596038215575,0.0007279596038215575,0.02698072652508745
165,165,0.0539614530501749,0.0,0.02698072652508745,0.0007279596038215575,0.0007279596038215575,0.0007279596038215575,0.02698072652508745
166,166,0.0539614530501749,0.0,0.02698072652508745,0.0007279596038215575,0.0007279596038215575,0.0007279596038215575,0.02698072652508745
167,167,0.0539614530501749,0.0,0.02698072652508745,0.0007279596038215575,0.0007279596038215575,0.0007279596038215575,0.02698072652508745
168,168,0.0539614530501749,0.0,0.02698072652508745,0.0007279596038215575,0.0007279596038215575,0.0007279596038215575,0.02698072652508745
169,169,0.0539614530501749,0.0,0.02698072652508745,0.0007279596038215575,0.0007279596038215575,0.0007279596038215575,0.02698072652508745
170,170,0.0539614530501749,0.0,0.02698072652508745,0.0007279596038215575,0.0007279596038215575,0.0007279596038215575,0.02698072652508745
171,171,0.0539614530501749,0.0,0.02698072652508745,0.0007279596038215575,0.0007279596038215575,0.0007279596038215575,0.02698072652508745
172,172,0.0539614530501749,0.0,0.02698072652508745,0.0007279596038215575,0.0007279596038215575,0.0007279596038215575,0.02698072652508745
173,173,0.0539614530501749,0.0,0.02698072652508745,0.0007279596038215575,0.0007279596038215575,0.0007279596038215575,0.02698072652508745
174,174,0.0539614530501749,0.0,0.02698072652508745,0.0007279596038215575,0.0007279596038215575,0.0007279596038215575,0.02698072652508745
175,175,0.0539614530501749,0.0,0.02698072652508745,0.0007279596038215575,0.0007279596038215575,0.0007279596038215575,0.02698072652508745
176,176,0.0539614530501749,0.0,0.02698072652508745,0.0007279596038215575,0.0007279596038215575,0.0007279596038215575,0.02698072652508745
177,177,0.0539614530501749,0.0,0.02698072652508745,0.0007279596038215575,0.0007279596038215575,0.0007279596038215575,0.02698072652508745
178,178,0.0539614530501749,0.0,0.02698072652508745,0.0007279596038215575,0.0007279596038215575,0.0007279596038215575,0.02698072652508745
179,179,0.0539614530501749,0.0,0.02698072652508745,0.0007279596038215575,0.0007279596038215575,0.0007279596038215575,0.02698072652508745
180,180,0.0539614530501749,0.0,0.02698072652508745,0.0007279596038215575,0.0007279596038215575,0.0007279596038215575,0.02698072652508745
181,181,0.0539614530501749,0.0,0.02698072652508745,0.0007279596038215575,0.0007279596038215575,0.0007279596038215575,0.02698072652508745
182,182,0.0,0.0,0.0,0.0,0.0,0.0,
183,183,0.0,0.0,0.0,0.0,0.0,0.0,
184,184,0.0,0.0,0.0,0.0,0.0,0.0,
185,185,0.0,0.0,0.0,0.0,0.0,0.0,
186,186,0.0,0.0,0.0,0.0,0.0,0.0,
187,187,0.0,0.0,0.0,0.0,0.0,0.0,
188,188,0.0,0.0,0.0,0.0,0.0,0.0,
189,189,0.0,0.0,0.0,0.0,0.0,0.0,
190,190,0.0,0.0,0.0,0.0,0.0,0.0,
191,191,0.0,0.0,0.0,0.0,0.0,0.0,
192,192,0.0,0.0,0.0,0.0,0.0,0.0,
193,193,0.0,0.0,0.0,0.0,0.0,0.0,
194,194,0.0,0.0,0.0,0.0,0.0,0.0,
195,195,0.0,0.0,0.0,0.0,0.0,0.0,
196,196,0.0,0.0,0.0,0.0,0.0,0.0,
197,197,0.0,0.0,0.0,0.0,0.0,0.0,
198,198,0.0,0.0,0.0,0.0,0.0,0.0,
199,199,0.0,0.0,0.0,0.0,0.0,0.0,
200,200,0.0,0.0,0.0,0.0,0.0,0.0,
201,201,0.0,0.0,0.0,0.0,0.0,0.0,
202,202,0.0,0.0,0.0,0.0,0.0,0.0,
203,203,0.0,0.0,0.0,0.0,0.0,0.0,
204,204,0.0,0.0,0.0,0.0,0.0,0.0,
205,205,0.0,0.0,0.0,0.0,0.0,0.0,
206,206,0.0,0.0,0.0,0.0,0.0,0.0,
207,207,0.0,0.0,0.0,0.0,0.0,0.0,
208,208,0.0,0.0,0.0,0.0,0.0,0.0,
209,209,0.0,0.0,0.0,0.0,0.0,0.0,
210,210,0.0,0.0,0.0,0.0,0.0,0.0,
211,211,0.0539614530501749,0.0,0.02698072652508745,0.0007279596038215575,0.0007279596038215575,0.0007279596038215575,0.02698072652508745
212,212,0.0539614530501749,0.0,0.02698072652508745,0.0007279596038215575,0.0007279596038215575,0.0007279596038215575,0.02698072652508745
213,213,0.0539614530501749,0.0,0.02698072652508745,0.0007279596038215575,0.0007279596038215575,0.0007279596038215575,0.02698072652508745
214,214,0.0,0.0,0.0,0.0,0.0,0.0,
215,215,0.0,0.0,0.0,0.0,0.0,0.0,
216,216,0.0,0.0,0.0,0.0,0.0,0.0,
217,217,0.0,0.0,0.0,0.0,0.0,0.0,
218,218,0.0,0.0,0.0,0.0,0.0,0.0,
219,219,0.0,0.0,0.0,0.0,0.0,0.0,
220,220,0.0,0.0,0.0,0.0,0.0,0.0,
221,221,0.0,0.0,0.0,0.0,0.0,0.0,
222,222,0.0,0.0,0.0,0.0,0.0,0.0,
223,223,0.0,0.0,0.0,0.0,0.0,0.0,
224,224,0.0,0.0,0.0,0.0,0.0,0.0,
225,225,0.0,0.0,0.0,0.0,0.0,0.0,
226,226,0.0,0.0,0.0,0.0,0.0,0.0,
227,227,0.0,0.0,0.0,0.0,0.0,0.0,
228,228,0.0539614530501749,0.0,0.02698072652508745,0.0007279596038215575,0.0007279596038215575,0.0007279596038215575,0.02698072652508745
229,229,0.0539614530501749,0.0,0.02698072652508745,0.0007279596038215575,0.0007279596038215575,0.0007279596038215575,0.02698072652508745
230,230,0.0539614530501749,0.0,0.02698072652508745,0.0007279596038215575,0.0007279596038215575,0.0007279596038215575,0.02698072652508745
231,231,0.0539614530501749,0.0,0.02698072652508745,0.0007279596038215575,0.0007279596038215575,0.0007279596038215575,0.02698072652508745
232,232,0.0539614530501749,0.0,0.02698072652508745,0.0007279596038215575,0.0007279596038215575,0.0007279596038215575,0.02698072652508745
233,233,0.0539614530501749,0.0,0.02698072652508745,0.0007279596038215575,0.0007279596038215575,0.0007279596038215575,0.02698072652508745
234,234,0.0913249255916541,0.0,0.04566246279582705,0.0020850605085802896,0.0020850605085802896,0.0020850605085802896,0.04566246279582705
235,235,0.0913249255916541,0.0,0.04566246279582705,0.0020850605085802896,0.0020850605085802896,0.0020850605085802896,0.04566246279582705
236,236,0.0913249255916541,0.0,0.04566246279582705,0.0020850605085802896,0.0020850605085802896,0.0020850605085802896,0.04566246279582705
237,237,0.0913249255916541,0.0,0.04566246279582705,0.0020850605085802896,0.0020850605085802896,0.0020850605085802896,0.04566246279582705
238,238,0.0913249255916541,0.0,0.04566246279582705,0.0020850605085802896,0.0020850605085802896,0.0020850605085802896,0.04566246279582705
239,239,0.0913249255916541,0.0,0.04566246279582705,0.0020850605085802896,0.0020850605085802896,0.0020850605085802896,0.04566246279582705
240,240,0.0913249255916541,0.0,0.04566246279582705,0.0020850605085802896,0.0020850605085802896,0.0020850605085802896,0.04566246279582705
241,241,0.0913249255916541,0.0,0.04566246279582705,0.0020850605085802896,0.0020850605085802896,0.0020850605085802896,0.04566246279582705
242,242,0.0913249255916541,0.0,0.04566246279582705,0.0020850605085802896,0.0020850605085802896,0.0020850605085802896,0.04566246279582705
243,243,0.0913249255916541,0.0,0.04566246279582705,0.0020850605085802896,0.0020850605085802896,0.0020850605085802896,0.04566246279582705
244,244,0.0913249255916541,0.0,0.04566246279582705,0.0020850605085802896,0.0020850605085802896,0.0020850605085802896,0.04566246279582705
245,245,0.0913249255916541,0.0,0.04566246279582705,0.0020850605085802896,0.0020850605085802896,0.0020850605085802896,0.04566246279582705
246,246,0.0913249255916541,0.0,0.04566246279582705,0.0020850605085802896,0.0020850605085802896,0.0020850605085802896,0.04566246279582705
247,247,0.0913249255916541,0.0,0.04566246279582705,0.0020850605085802896,0.0020850605085802896,0.0020850605085802896,0.04566246279582705
248,248,0.0913249255916541,0.0,0.04566246279582705,0.0020850605085802896,0.0020850605085802896,0.0020850605085802896,0.04566246279582705
249,249,0.0913249255916541,0.0,0.04566246279582705,0.0020850605085802896,0.0020850605085802896,0.0020850605085802896,0.04566246279582705
250,250,0.0913249255916541,0.0,0.04566246279582705,0.0020850605085802896,0.0020850605085802896,0.0020850605085802896,0.04566246279582705
251,251,0.0913249255916541,0.0,0.04566246279582705,0.0020850605085802896,0.0020850605085802896,0.0020850605085802896,0.04566246279582705
252,252,0.0913249255916541,0.0,0.04566246279582705,0.0020850605085802896,0.0020850605085802896,0.0020850605085802896,0.04566246279582705
253,253,0.0913249255916541,0.0,0.04566246279582705,0.0020850605085802896,0.0020850605085802896,0.0020850605085802896,0.04566246279582705
254,254,0.0913249255916541,0.0,0.04566246279582705,0.0020850605085802896,0.0020850605085802896,0.0020850605085802896,0.04566246279582705
255,255,0.0913249255916541,0.0,0.04566246279582705,0.0020850605085802896,0.0020850605085802896,0.0020850605085802896,0.04566246279582705
256,256,0.0913249255916541,0.0,0.04566246279582705,0.0020850605085802896,0.0020850605085802896,0.0020850605085802896,0.04566246279582705
257,257,0.0539614530501749,0.0,0.02698072652508745,0.0007279596038215575,0.0007279596038215575,0.0007279596038215575,0.02698072652508745
258,258,0.0539614530501749,0.0,0.02698072652508745,0.0007279596038215575,0.0007279596038215575,0.0007279596038215575,0.02698072652508745
259,259,0.0539614530501749,0.0,0.02698072652508745,0.0007279596038215575,0.0007279596038215575,0.0007279596038215575,0.02698072652508745
260,260,0.0539614530501749,0.0,0.02698072652508745,0.0007279596038215575,0.0007279596038215575,0.0007279596038215575,0.02698072652508745
261,261,0.0539614530501749,0.0,0.02698072652508745,0.0007279596038215575,0.0007279596038215575,0.0007279596038215575,0.02698072652508745
262,262,0.0539614530501749,0.0,0.02698072652508745,0.0007279596038215575,0.0007279596038215575,0.0007279596038215575,0.02698072652508745
263,263,0.0539614530501749,0.0,0.02698072652508745,0.0007279596038215575,0.0007279596038215575,0.0007279596038215575,0.02698072652508745
264,264,0.0539614530501749,0.0,0.02698072652508745,0.0007279596038215575,0.0007279596038215575,0.0007279596038215575,0.02698072652508745
265,265,0.0539614530501749,0.0,0.02698072652508745,0.0007279596038215575,0.0007279596038215575,0.0007279596038215575,0.02698072652508745
266,266,0.0539614530501749,0.0,0.02698072652508745,0.0007279596038215575,0.0007279596038215575,0.0007279596038215575,0.02698072652508745
267,267,0.0539614530501749,0.0,0.02698072652508745,0.0007279596038215575,0.0007279596038215575,0.0007279596038215575,0.02698072652508745
268,268,0.0539614530501749,0.0,0.02698072652508745,0.0007279596038215575,0.0007279596038215575,0.0007279596038215575,0.02698072652508745
269,269,0.0539614530501749,0.0,0.02698072652508745,0.0007279596038215575,0.0007279596038215575,0.0007279596038215575,0.02698072652508745
270,270,0.0539614530501749,0.0,0.02698072652508745,0.0007279596038215575,0.0007279596038215575,0.0007279596038215575,0.02698072652508745
271,271,0.0539614530501749,0.0,0.02698072652508745,0.0007279596038215575,0.0007279596038215575,0.0007279596038215575,0.02698072652508745
272,272,0.0539614530501749,0.0,0.02698072652508745,0.0007279596038215575,0.0007279596038215575,0.0007279596038215575,0.02698072652508745
273,273,0.0539614530501749,0.0,0.02698072652508745,0.0007279596038215575,0.0007279596038215575,0.0007279596038215575,0.02698072652508745
274,274,0.0539614530501749,0.0,0.02698072652508745,0.0007279596038215575,0.0007279596038215575,0.0007279596038215575,0.02698072652508745
275,275,0.0539614530501749,0.0,0.02698072652508745,0.0007279596038215575,0.0007279596038215575,0.0007279596038215575,0.02698072652508745
276,276,0.0539614530501749,0.0,0.02698072652508745,0.0007279596038215575,0.0007279596038215575,0.0007279596038215575,0.02698072652508745
277,277,0.0539614530501749,0.0,0.02698072652508745,0.0007279596038215575,0.0007279596038215575,0.0007279596038215575,0.02698072652508745
278,278,0.0539614530501749,0.0,0.02698072652508745,0.0007279596038215575,0.0007279596038215575,0.0007279596038215575,0.02698072652508745
279,279,0.0539614530501749,0.0,0.02698072652508745,0.0007279596038215575,0.0007279596038215575,0.0007279596038215575,0.02698072652508745
280,280,0.0539614530501749,0.0,0.02698072652508745,0.0007279596038215575,0.0007279596038215575,0.0007279596038215575,0.02698072652508745
281,281,0.0539614530501749,0.0,0.02698072652508745,0.0007279596038215575,0.0007279596038215575,0.0007279596038215575,0.02698072652508745
282,282,0.0539614530501749,0.0,0.02698072652508745,0.0007279596038215575,0.0007279596038215575,0.0007279596038215575,0.02698072652508745
283,283,0.0539614530501749,0.0,0.02698072652508745,0.0007279596038215575,0.0007279596038215575,0.0007279596038215575,0.02698072652508745
284,284,0.0539614530501749,0.0,0.02698072652508745,0.0007279596038215575,0.0007279596038215575,0.0007279596038215575,0.02698072652508745
285,285,0.0539614530501749,0.0,0.02698072652508745,0.0007279596038215575,0.0007279596038215575,0.0007279596038215575,0.02698072652508745
286,286,0.0539614530501749,0.0,0.02698072652508745,0.0007279596038215575,0.0007279596038215575,0.0007279596038215575,0.02698072652508745
287,287,0.0539614530501749,0.0,0.02698072652508745,0.0007279596038215575,0.0007279596038215575,0.0007279596038215575,0.02698072652508745
288,288,0.0539614530501749,0.0,0.02698072652508745,0.0007279596038215575,0.0007279596038215575,0.0007279596038215575,0.02698072652508745
289,289,0.0539614530501749,0.0,0.02698072652508745,0.0007279596038215575,0.0007279596038215575,0.0007279596038215575,0.02698072652508745
290,290,0.0539614530501749,0.0,0.02698072652508745,0.0007279596038215575,0.0007279596038215575,0.0007279596038215575,0.02698072652508745
291,291,0.0539614530501749,0.0,0.02698072652508745,0.0007279596038215575,0.0007279596038215575,0.0007279596038215575,0.02698072652508745
292,292,0.0539614530501749,0.0,0.02698072652508745,0.0007279596038215575,0.0007279596038215575,0.0007279596038215575,0.02698072652508745
293,293,0.0539614530501749,0.0,0.02698072652508745,0.0007279596038215575,0.0007279596038215575,0.0007279596038215575,0.02698072652508745
294,294,0.0539614530501749,0.0,0.02698072652508745,0.0007279596038215575,0.0007279596038215575,0.0007279596038215575,0.02698072652508745
295,295,0.0539614530501749,0.0,0.02698072652508745,0.0007279596038215575,0.0007279596038215575,0.0007279596038215575,0.02698072652508745
296,296,0.0539614530501749,0.0,0.02698072652508745,0.0007279596038215575,0.0007279596038215575,0.0007279596038215575,0.02698072652508745
297,297,0.0539614530501749,0.0,0.02698072652508745,0.0007279596038215575,0.0007279596038215575,0.0007279596038215575,0.02698072652508745
298,298,0.0539614530501749,0.0,0.02698072652508745,0.0007279596038215575,0.0007279596038215575,0.0007279596038215575,0.02698072652508745
299,299,0.0539614530501749,0.0,0.02698072652508745,0.0007279596038215575,0.0007279596038215575,0.0007279596038215575,0.02698072652508745
300,300,0.0539614530501749,0.0,0.02698072652508745,0.0007279596038215575,0.0007279596038215575,0.0007279596038215575,0.02698072652508745
301,301,0.0539614530501749,0.0,0.02698072652508745,0.0007279596038215575,0.0007279596038215575,0.0007279596038215575,0.02698072652508745
302,302,0.0539614530501749,0.0,0.02698072652508745,0.0007279596038215575,0.0007279596038215575,0.0007279596038215575,0.02698072652508745
303,303,0.0539614530501749,0.0,0.02698072652508745,0.0007279596038215575,0.0007279596038215575,0.0007279596038215575,0.02698072652508745
304,304,0.0539614530501749,0.0,0.02698072652508745,0.0007279596038215575,0.0007279596038215575,0.0007279596038215575,0.02698072652508745
305,305,0.0539614530501749,0.0,0.02698072652508745,0.0007279596038215575,0.0007279596038215575,0.0007279596038215575,0.02698072652508745
306,306,0.0539614530501749,0.0,0.02698072652508745,0.0007279596038215575,0.0007279596038215575,0.0007279596038215575,0.02698072652508745
307,307,0.0539614530501749,0.0,0.02698072652508745,0.0007279596038215575,0.0007279596038215575,0.0007279596038215575,0.02698072652508745
308,308,0.0539614530501749,0.0,0.02698072652508745,0.0007279596038215575,0.0007279596038215575,0.0007279596038215575,0.02698072652508745
309,309,0.0539614530501749,0.0,0.02698072652508745,0.0007279596038215575,0.0007279596038215575,0.0007279596038215575,0.02698072652508745
310,310,0.0539614530501749,0.0,0.02698072652508745,0.0007279596038215575,0.0007279596038215575,0.0007279596038215575,0.02698072652508745
311,311,0.0539614530501749,0.0,0.02698072652508745,0.0007279596038215575,0.0007279596038215575,0.0007279596038215575,0.02698072652508745
312,312,0.0539614530501749,0.0,0.02698072652508745,0.0007279596038215575,0.0007279596038215575,0.0007279596038215575,0.02698072652508745
313,313,0.0539614530501749,0.0,0.02698072652508745,0.0007279596038215575,0.0007279596038215575,0.0007279596038215575,0.02698072652508745
314,314,0.0539614530501749,0.0,0.02698072652508745,0.0007279596038215575,0.0007279596038215575,0.0007279596038215575,0.02698072652508745
315,315,0.0539614530501749,0.0,0.02698072652508745,0.0007279596038215575,0.0007279596038215575,0.0007279596038215575,0.02698072652508745
316,316,0.0539614530501749,0.0,0.02698072652508745,0.0007279596038215575,0.0007279596038215575,0.0007279596038215575,0.02698072652508745
317,317,0.0539614530501749,0.0,0.02698072652508745,0.0007279596038215575,0.0007279596038215575,0.0007279596038215575,0.02698072652508745
318,318,0.0913249255916541,0.0,0.04566246279582705,0.0020850605085802896,0.0020850605085802896,0.0020850605085802896,0.04566246279582705
319,319,0.0913249255916541,0.0,0.04566246279582705,0.0020850605085802896,0.0020850605085802896,0.0020850605085802896,0.04566246279582705
320,320,0.0913249255916541,0.0,0.04566246279582705,0.0020850605085802896,0.0020850605085802896,0.0020850605085802896,0.04566246279582705
321,321,0.0913249255916541,0.0,0.04566246279582705,0.0020850605085802896,0.0020850605085802896,0.0020850605085802896,0.04566246279582705
322,322,0.0913249255916541,0.0,0.04566246279582705,0.0020850605085802896,0.0020850605085802896,0.0020850605085802896,0.04566246279582705
323,323,0.0913249255916541,0.0,0.04566246279582705,0.0020850605085802896,0.0020850605085802896,0.0020850605085802896,0.04566246279582705
324,324,0.0913249255916541,0.0,0.04566246279582705,0.0020850605085802896,0.0020850605085802896,0.0020850605085802896,0.04566246279582705
325,325,0.0913249255916541,0.0,0.04566246279582705,0.0020850605085802896,0.0020850605085802896,0.0020850605085802896,0.04566246279582705
326,326,0.0913249255916541,0.0,0.04566246279582705,0.0020850605085802896,0.0020850605085802896,0.0020850605085802896,0.04566246279582705
327,327,0.0913249255916541,0.0,0.04566246279582705,0.0020850605085802896,0.0020850605085802896,0.0020850605085802896,0.04566246279582705
328,328,0.0913249255916541,0.0,0.04566246279582705,0.0020850605085802896,0.0020850605085802896,0.0020850605085802896,0.04566246279582705
329,329,0.0913249255916541,0.0,0.04566246279582705,0.0020850605085802896,0.0020850605085802896,0.0020850605085802896,0.04566246279582705
330,330,0.0913249255916541,0.0,0.04566246279582705,0.0020850605085802896,0.0020850605085802896,0.0020850605085802896,0.04566246279582705
331,331,0.0913249255916541,0.0,0.04566246279582705,0.0020850605085802896,0.0020850605085802896,0.0020850605085802896,0.04566246279582705
332,332,0.0913249255916541,0.0,0.04566246279582705,0.0020850605085802896,0.0020850605085802896,0.0020850605085802896,0.04566246279582705
333,333,0.0913249255916541,0.0,0.04566246279582705,0.0020850605085802896,0.0020850605085802896,0.0020850605085802896,0.04566246279582705
334,334,0.0913249255916541,0.0,0.04566246279582705,0.0020850605085802896,0.0020850605085802896,0.0020850605085802896,0.04566246279582705
335,335,0.0913249255916541,0.0,0.04566246279582705,0.0020850605085802896,0.0020850605085802896,0.0020850605085802896,0.04566246279582705
336,336,0.0913249255916541,0.0,0.04566246279582705,0.0020850605085802896,0.0020850605085802896,0.0020850605085802896,0.04566246279582705
337,337,0.0913249255916541,0.0,0.04566246279582705,0.0020850605085802896,0.0020850605085802896,0.0020850605085802896,0.04566246279582705
338,338,0.0913249255916541,0.0,0.04566246279582705,0.0020850605085802896,0.0020850605085802896,0.0020850605085802896,0.04566246279582705
339,339,0.0913249255916541,0.0,0.04566246279582705,0.0020850605085802896,0.0020850605085802896,0.0020850605085802896,0.04566246279582705
340,340,0.0913249255916541,0.0,0.04566246279582705,0.0020850605085802896,0.0020850605085802896,0.0020850605085802896,0.04566246279582705
341,341,0.0913249255916541,0.0,0.04566246279582705,0.0020850605085802896,0.0020850605085802896,0.0020850605085802896,0.04566246279582705
342,342,0.0913249255916541,0.056345667794942,0.07383529669329805,0.00030588711900221105,0.00030588711900221105,0.00030588711900221105,0.0041428304984379655
343,343,0.0913249255916541,0.0,0.04566246279582705,0.0020850605085802896,0.0020850605085802896,0.0020850605085802896,0.04566246279582705
344,344,0.0913249255916541,0.0,0.04566246279582705,0.0020850605085802896,0.0020850605085802896,0.0020850605085802896,0.04566246279582705
345,345,0.227764884326563,0.0,0.1138824421632815,0.012969210633073157,0.012969210633073157,0.012969210633073157,0.1138824421632815
346,346,0.0913249255916541,0.0,0.04566246279582705,0.0020850605085802896,0.0020850605085802896,0.0020850605085802896,0.04566246279582705
347,347,0.0913249255916541,0.0,0.04566246279582705,0.0020850605085802896,0.0020850605085802896,0.0020850605085802896,0.04566246279582705
348,348,0.0913249255916541,0.0,0.04566246279582705,0.0020850605085802896,0.0020850605085802896,0.0020850605085802896,0.04566246279582705
349,349,0.0539614530501749,0.0,0.02698072652508745,0.0007279596038215575,0.0007279596038215575,0.0007279596038215575,0.02698072652508745
350,350,0.0539614530501749,0.0,0.02698072652508745,0.0007279596038215575,0.0007279596038215575,0.0007279596038215575,0.02698072652508745
351,351,0.0539614530501749,0.0,0.02698072652508745,0.0007279596038215575,0.0007279596038215575,0.0007279596038215575,0.02698072652508745
352,352,0.0539614530501749,0.0,0.02698072652508745,0.0007279596038215575,0.0007279596038215575,0.0007279596038215575,0.02698072652508745
353,353,0.0539614530501749,0.0,0.02698072652508745,0.0007279596038215575,0.0007279596038215575,0.0007279596038215575,0.02698072652508745
354,354,0.0539614530501749,0.0,0.02698072652508745,0.0007279596038215575,0.0007279596038215575,0.0007279596038215575,0.02698072652508745
355,355,0.0539614530501749,0.0,0.02698072652508745,0.0007279596038215575,0.0007279596038215575,0.0007279596038215575,0.02698072652508745
356,356,0.0539614530501749,0.0,0.02698072652508745,0.0007279596038215575,0.0007279596038215575,0.0007279596038215575,0.02698072652508745
357,357,0.0539614530501749,0.0,0.02698072652508745,0.0007279596038215575,0.0007279596038215575,0.0007279596038215575,0.02698072652508745
358,358,0.0539614530501749,0.0,0.02698072652508745,0.0007279596038215575,0.0007279596038215575,0.0007279596038215575,0.02698072652508745
359,359,0.0539614530501749,0.0,0.02698072652508745,0.0007279596038215575,0.0007279596038215575,0.0007279596038215575,0.02698072652508745
360,360,0.0539614530501749,0.0,0.02698072652508745,0.0007279596038215575,0.0007279596038215575,0.0007279596038215575,0.02698072652508745
361,361,0.0539614530501749,0.0,0.02698072652508745,0.0007279596038215575,0.0007279596038215575,0.0007279596038215575,0.02698072652508745
362,362,0.0539614530501749,0.0,0.02698072652508745,0.0007279596038215575,0.0007279596038215575,0.0007279596038215575,0.02698072652508745
363,363,0.0539614530501749,0.0,0.02698072652508745,0.0007279596038215575,0.0007279596038215575,0.0007279596038215575,0.02698072652508745
364,364,0.0539614530501749,0.0,0.02698072652508745,0.0007279596038215575,0.0007279596038215575,0.0007279596038215575,0.02698072652508745
365,365,0.0539614530501749,0.0,0.02698072652508745,0.0007279596038215575,0.0007279596038215575,0.0007279596038215575,0.02698072652508745
366,366,0.0539614530501749,0.0,0.02698072652508745,0.0007279596038215575,0.0007279596038215575,0.0007279596038215575,0.02698072652508745
367,367,0.0539614530501749,0.0,0.02698072652508745,0.0007279596038215575,0.0007279596038215575,0.0007279596038215575,0.02698072652508745
368,368,0.0539614530501749,0.0,0.02698072652508745,0.0007279596038215575,0.0007279596038215575,0.0007279596038215575,0.02698072652508745
369,369,0.0539614530501749,0.0,0.02698072652508745,0.0007279596038215575,0.0007279596038215575,0.0007279596038215575,0.02698072652508745
370,370,0.0539614530501749,0.0,0.02698072652508745,0.0007279596038215575,0.0007279596038215575,0.0007279596038215575,0.02698072652508745
371,371,0.0539614530501749,0.0,0.02698072652508745,0.0007279596038215575,0.0007279596038215575,0.0007279596038215575,0.02698072652508745
372,372,0.0539614530501749,0.0,0.02698072652508745,0.0007279596038215575,0.0007279596038215575,0.0007279596038215575,0.02698072652508745
373,373,0.0539614530501749,0.0,0.02698072652508745,0.0007279596038215575,0.0007279596038215575,0.0007279596038215575,0.02698072652508745
374,374,0.0539614530501749,0.0,0.02698072652508745,0.0007279596038215575,0.0007279596038215575,0.0007279596038215575,0.02698072652508745
375,375,0.0539614530501749,0.0,0.02698072652508745,0.0007279596038215575,0.0007279596038215575,0.0007279596038215575,0.02698072652508745
376,376,0.0539614530501749,0.0,0.02698072652508745,0.0007279596038215575,0.0007279596038215575,0.0007279596038215575,0.02698072652508745
377,377,0.0539614530501749,0.0,0.02698072652508745,0.0007279596038215575,0.0007279596038215575,0.0007279596038215575,0.02698072652508745
378,378,0.0539614530501749,0.0,0.02698072652508745,0.0007279596038215575,0.0007279596038215575,0.0007279596038215575,0.02698072652508745
379,379,0.0539614530501749,0.0,0.02698072652508745,0.0007279596038215575,0.0007279596038215575,0.0007279596038215575,0.02698072652508745
380,380,0.0539614530501749,0.0,0.02698072652508745,0.0007279596038215575,0.0007279596038215575,0.0007279596038215575,0.02698072652508745
381,381,0.0539614530501749,0.0,0.02698072652508745,0.0007279596038215575,0.0007279596038215575,0.0007279596038215575,0.02698072652508745
382,382,0.0539614530501749,0.0,0.02698072652508745,0.0007279596038215575,0.0007279596038215575,0.0007279596038215575,0.02698072652508745
383,383,0.0539614530501749,0.0,0.02698072652508745,0.0007279596038215575,0.0007279596038215575,0.0007279596038215575,0.02698072652508745
384,384,0.0539614530501749,0.0,0.02698072652508745,0.0007279596038215575,0.0007279596038215575,0.0007279596038215575,0.02698072652508745
385,385,0.0539614530501749,0.0,0.02698072652508745,0.0007279596038215575,0.0007279596038215575,0.0007279596038215575,0.02698072652508745
386,386,0.0539614530501749,0.0,0.02698072652508745,0.0007279596038215575,0.0007279596038215575,0.0007279596038215575,0.02698072652508745
387,387,0.0539614530501749,0.0,0.02698072652508745,0.0007279596038215575,0.0007279596038215575,0.0007279596038215575,0.02698072652508745
388,388,0.0539614530501749,0.0,0.02698072652508745,0.0007279596038215575,0.0007279596038215575,0.0007279596038215575,0.02698072652508745
389,389,0.0539614530501749,0.0,0.02698072652508745,0.0007279596038215575,0.0007279596038215575,0.0007279596038215575,0.02698072652508745
390,390,0.0539614530501749,0.0,0.02698072652508745,0.0007279596038215575,0.0007279596038215575,0.0007279596038215575,0.02698072652508745
391,391,0.0539614530501749,0.0,0.02698072652508745,0.0007279596038215575,0.0007279596038215575,0.0007279596038215575,0.02698072652508745
392,392,0.0539614530501749,0.0,0.02698072652508745,0.0007279596038215575,0.0007279596038215575,0.0007279596038215575,0.02698072652508745
393,393,0.107596817249167,0.0,0.0537984086245835,0.0028942687705376603,0.0028942687705376603,0.0028942687705376603,0.0537984086245835
394,394,0.0539614530501749,0.0,0.02698072652508745,0.0007279596038215575,0.0007279596038215575,0.0007279596038215575,0.02698072652508745
395,395,0.0539614530501749,0.0,0.02698072652508745,0.0007279596038215575,0.0007279596038215575,0.0007279596038215575,0.02698072652508745
396,396,0.0539614530501749,0.0,0.02698072652508745,0.0007279596038215575,0.0007279596038215575,0.0007279596038215575,0.02698072652508745
397,397,0.0539614530501749,0.0,0.02698072652508745,0.0007279596038215575,0.0007279596038215575,0.0007279596038215575,0.02698072652508745
398,398,0.0539614530501749,0.0,0.02698072652508745,0.0007279596038215575,0.0007279596038215575,0.0007279596038215575,0.02698072652508745
399,399,0.0539614530501749,0.0,0.02698072652508745,0.0007279596038215575,0.0007279596038215575,0.0007279596038215575,0.02698072652508745
400,400,0.0539614530501749,0.0,0.02698072652508745,0.0007279596038215575,0.0007279596038215575,0.0007279596038215575,0.02698072652508745
401,401,0.0539614530501749,0.0,0.02698072652508745,0.0007279596038215575,0.0007279596038215575,0.0007279596038215575,0.02698072652508745
402,402,0.0539614530501749,0.0,0.02698072652508745,0.0007279596038215575,0.0007279596038215575,0.0007279596038215575,0.02698072652508745
403,403,0.0539614530501749,0.0,0.02698072652508745,0.0007279596038215575,0.0007279596038215575,0.0007279596038215575,0.02698072652508745
404,404,0.0539614530501749,0.198969488882516,0.12646547096634544,0.00525683261398838,0.005256832613988381,0.0052568326139883804,0.0415673351296601
405,405,0.0539614530501749,0.198969488882516,0.12646547096634544,0.00525683261398838,0.005256832613988381,0.0052568326139883804,0.0415673351296601
406,406,0.0539614530501749,0.198969488882516,0.12646547096634544,0.00525683261398838,0.005256832613988381,0.0052568326139883804,0.0415673351296601
407,407,0.226735187985771,0.198969488882516,0.2128523384341435,0.00019273351167312376,0.00019273351167312376,0.00019273351167312376,0.0009054798885038113
408,408,0.226735187985771,0.198969488882516,0.2128523384341435,0.00019273351167312376,0.00019273351167312376,0.00019273351167312376,0.0009054798885038113
409,409,0.226735187985771,0.198969488882516,0.2128523384341435,0.00019273351167312376,0.00019273351167312376,0.00019273351167312376,0.0009054798885038113
410,410,0.226735187985771,0.233452572115184,0.23009388005047748,1.1280812385522323e-05,1.128081238552251e-05,1.1280812385522416e-05,4.902699881912399e-05
411,411,0.226735187985771,0.292285253238629,0.25951022061219997,0.0010742027636634838,0.0010742027636634855,0.0010742027636634847,0.004139346655131258
412,412,0.226735187985771,0.292285253238629,0.25951022061219997,0.0010742027636634838,0.0010742027636634855,0.0010742027636634847,0.004139346655131258
413,413,0.253422761032058,0.292285253238629,0.27285400713534347,0.0003775733251264459,0.0003775733251264481,0.000377573325126447,0.0013837924870172779
414,414,0.29705240212356,0.286509114119492,0.291780758121526,2.7790230484181088e-05,2.7790230484181088e-05,2.7790230484181088e-05,9.524353375148379e-05
415,415,0.29705240212356,0.286509114119492,0.291780758121526,2.7790230484181088e-05,2.7790230484181088e-05,2.7790230484181088e-05,9.524353375148379e-05
416,416,0.29705240212356,0.286509114119492,0.291780758121526,2.7790230484181088e-05,2.7790230484181088e-05,2.7790230484181088e-05,9.524353375148379e-05
417,417,0.293210700717704,0.286509114119492,0.289859907418598,1.1227815733333543e-05,1.1227815733333914e-05,1.1227815733333728e-05,3.873531815187949e-05
418,418,0.293210700717704,0.286509114119492,0.289859907418598,1.1227815733333543e-05,1.1227815733333914e-05,1.1227815733333728e-05,3.873531815187949e-05
419,419,0.293210700717704,0.286509114119492,0.289859907418598,1.1227815733333543e-05,1.1227815733333914e-05,1.1227815733333728e-05,3.873531815187949e-05
420,420,0.293210700717704,0.286509114119492,0.289859907418598,1.1227815733333543e-05,1.1227815733333914e-05,1.1227815733333728e-05,3.873531815187949e-05
421,421,0.293210700717704,0.286509114119492,0.289859907418598,1.1227815733333543e-05,1.1227815733333914e-05,1.1227815733333728e-05,3.873531815187949e-05
422,422,0.293210700717704,0.286509114119492,0.289859907418598,1.1227815733333543e-05,1.1227815733333914e-05,1.1227815733333728e-05,3.873531815187949e-05
423,423,0.293210700717704,0.286509114119492,0.289859907418598,1.1227815733333543e-05,1.1227815733333914e-05,1.1227815733333728e-05,3.873531815187949e-05
424,424,0.293210700717704,0.279213324893815,0.2862120128057595,4.8981632488798393e-05,4.8981632488797614e-05,4.8981632488798e-05,0.00017113758436840964
425,425,0.293210700717704,0.292285253238629,0.29274797697816646,2.1411325913160565e-07,2.1411325913155427e-07,2.1411325913157997e-07,7.313910802790922e-07
426,426,0.293210700717704,0.292285253238629,0.29274797697816646,2.1411325913160565e-07,2.1411325913155427e-07,2.1411325913157997e-07,7.313910802790922e-07
427,427,0.288052190880509,0.292285253238629,0.290168722059569,4.479704231933205e-06,4.479704231932971e-06,4.4797042319330875e-06,1.543827398120961e-05
428,428,0.29705240212356,0.292285253238629,0.2946688276810945,5.681427122774758e-06,5.681427122774758e-06,5.681427122774758e-06,1.9280719876224862e-05
429,429,0.29705240212356,0.292285253238629,0.2946688276810945,5.681427122774758e-06,5.681427122774758e-06,5.681427122774758e-06,1.9280719876224862e-05
430,430,0.29705240212356,0.292285253238629,0.2946688276810945,5.681427122774758e-06,5.681427122774758e-06,5.681427122774758e-06,1.9280719876224862e-05
431,431,0.29705240212356,0.292285253238629,0.2946688276810945,5.681427122774758e-06,5.681427122774758e-06,5.681427122774758e-06,1.9280719876224862e-05
432,432,0.29705240212356,0.292285253238629,0.2946688276810945,5.681427122774758e-06,5.681427122774758e-06,5.681427122774758e-06,1.9280719876224862e-05
433,433,0.29705240212356,0.292285253238629,0.2946688276810945,5.681427122774758e-06,5.681427122774758e-06,5.681427122774758e-06,1.9280719876224862e-05
434,434,0.29705240212356,0.292285253238629,0.2946688276810945,5.681427122774758e-06,5.681427122774758e-06,5.681427122774758e-06,1.9280719876224862e-05
435,435,0.29705240212356,0.279213324893815,0.2881328635086875,7.955816910220148e-05,7.955816910220148e-05,7.955816910220148e-05,0.00027611626155168767
436,436,0.29705240212356,0.279213324893815,0.2881328635086875,7.955816910220148e-05,7.955816910220148e-05,7.955816910220148e-05,0.00027611626155168767
437,437,0.29705240212356,0.279213324893815,0.2881328635086875,7.955816910220148e-05,7.955816910220148e-05,7.955816910220148e-05,0.00027611626155168767
438,438,0.288052190880509,0.279213324893815,0.283632757887162,1.953138798268368e-05,1.953138798268417e-05,1.9531387982683924e-05,6.886153816709042e-05
439,439,0.288052190880509,0.286509114119492,0.28728065250000046,5.952714725977247e-07,5.95271472597639e-07,5.952714725976818e-07,2.0720903667457414e-06
440,440,0.288052190880509,0.286509114119492,0.28728065250000046,5.952714725977247e-07,5.95271472597639e-07,5.952714725976818e-07,2.0720903667457414e-06
441,441,0.288052190880509,0.286509114119492,0.28728065250000046,5.952714725977247e-07,5.95271472597639e-07,5.952714725976818e-07,2.0720903667457414e-06
442,442,0.293210700717704,0.286509114119492,0.289859907418598,1.1227815733333543e-05,1.1227815733333914e-05,1.1227815733333728e-05,3.873531815187949e-05
443,443,0.293210700717704,0.286509114119492,0.289859907418598,1.1227815733333543e-05,1.1227815733333914e-05,1.1227815733333728e-05,3.873531815187949e-05
444,444,0.293210700717704,0.286509114119492,0.289859907418598,1.1227815733333543e-05,1.1227815733333914e-05,1.1227815733333728e-05,3.873531815187949e-05
445,445,0.293210700717704,0.286509114119492,0.289859907418598,1.1227815733333543e-05,1.1227815733333914e-05,1.1227815733333728e-05,3.873531815187949e-05
446,446,0.293210700717704,0.286509114119492,0.289859907418598,1.1227815733333543e-05,1.1227815733333914e-05,1.1227815733333728e-05,3.873531815187949e-05
447,447,0.293210700717704,0.286509114119492,0.289859907418598,1.1227815733333543e-05,1.1227815733333914e-05,1.1227815733333728e-05,3.873531815187949e-05
448,448,0.293210700717704,0.286509114119492,0.289859907418598,1.1227815733333543e-05,1.1227815733333914e-05,1.1227815733333728e-05,3.873531815187949e-05
449,449,0.293210700717704,0.286509114119492,0.289859907418598,1.1227815733333543e-05,1.1227815733333914e-05,1.1227815733333728e-05,3.873531815187949e-05
450,450,0.293210700717704,0.286509114119492,0.289859907418598,1.1227815733333543e-05,1.1227815733333914e-05,1.1227815733333728e-05,3.873531815187949e-05
451,451,0.293210700717704,0.286509114119492,0.289859907418598,1.1227815733333543e-05,1.1227815733333914e-05,1.1227815733333728e-05,3.873531815187949e-05
452,452,0.293210700717704,0.286509114119492,0.289859907418598,1.1227815733333543e-05,1.1227815733333914e-05,1.1227815733333728e-05,3.873531815187949e-05
453,453,0.293210700717704,0.286509114119492,0.289859907418598,1.1227815733333543e-05,1.1227815733333914e-05,1.1227815733333728e-05,3.873531815187949e-05
454,454,0.293210700717704,0.286509114119492,0.289859907418598,1.1227815733333543e-05,1.1227815733333914e-05,1.1227815733333728e-05,3.873531815187949e-05
455,455,0.293210700717704,0.286509114119492,0.289859907418598,1.1227815733333543e-05,1.1227815733333914e-05,1.1227815733333728e-05,3.873531815187949e-05
456,456,0.293210700717704,0.330254503474275,0.3117326020959895,0.0003430608306669351,0.00034306083066693304,0.00034306083066693407,0.0011004971195194332
457,457,0.293210700717704,0.279213324893815,0.2862120128057595,4.8981632488798393e-05,4.8981632488797614e-05,4.8981632488798e-05,0.00017113758436840964
458,458,0.293210700717704,0.270342634698304,0.281776667708004,0.00013073711086690864,0.00013073711086690988,0.00013073711086690926,0.00046397422444638983
459,459,0.288052190880509,0.233452572115184,0.2607523814978465,0.0007452795923297056,0.0007452795923297087,0.0007452795923297072,0.0028581890146068033
460,460,0.288052190880509,0.217322011273649,0.252687101077079,0.0012506895768046688,0.0012506895768046669,0.001250689576804668,0.004949558451830753
461,461,0.281544065119227,0.198969488882516,0.2402567770008715,0.0017046401601681013,0.001704640160168099,0.0017046401601681,0.007095076282330703
462,462,0.253422761032058,0.198969488882516,0.22619612495728703,0.0007412897119480213,0.0007412897119480228,0.000741289711948022,0.003277198988656419
463,463,0.240942062917372,0.198969488882516,0.219955775899944,0.00044042424277786684,0.00044042424277786684,0.00044042424277786684,0.002002330882087007
464,464,0.226735187985771,0.198969488882516,0.2128523384341435,0.00019273351167312376,0.00019273351167312376,0.00019273351167312376,0.0009054798885038113
465,465,0.226735187985771,0.198969488882516,0.2128523384341435,0.00019273351167312376,0.00019273351167312376,0.00019273351167312376,0.0009054798885038113
466,466,0.226735187985771,0.198969488882516,0.2128523384341435,0.00019273351167312376,0.00019273351167312376,0.00019273351167312376,0.0009054798885038113
467,467,0.226735187985771,0.217322011273649,0.22202859962971,2.2151973953408966e-05,2.2151973953408966e-05,2.2151973953408966e-05,9.977081326618778e-05
468,468,0.226735187985771,0.0,0.1133675939928855,0.012852211367735728,0.012852211367735728,0.012852211367735728,0.1133675939928855
469,469,0.226735187985771,0.0,0.1133675939928855,0.012852211367735728,0.012852211367735728,0.012852211367735728,0.1133675939928855
470,470,0.240942062917372,0.0,0.120471031458686,0.014513269420719711,0.014513269420719711,0.014513269420719711,0.120471031458686
471,471,0.0,0.0,0.0,0.0,0.0,0.0,
472,472,0.0,0.0,0.0,0.0,0.0,0.0,
473,473,0.0,0.0,0.0,0.0,0.0,0.0,
474,474,0.0,0.0,0.0,0.0,0.0,0.0,
475,475,0.0,0.0,0.0,0.0,0.0,0.0,
476,476,0.0,0.0,0.0,0.0,0.0,0.0,
477,477,0.0,0.0,0.0,0.0,0.0,0.0,
478,478,0.0,0.0,0.0,0.0,0.0,0.0,
479,479,0.0,0.0,0.0,0.0,0.0,0.0,
480,480,0.0,0.0,0.0,0.0,0.0,0.0,
481,481,0.0,0.0,0.0,0.0,0.0,0.0,
482,482,0.0,0.0,0.0,0.0,0.0,0.0,
483,483,0.0,0.0,0.0,0.0,0.0,0.0,
484,484,0.0,0.0,0.0,0.0,0.0,0.0,
485,485,0.0,0.0,0.0,0.0,0.0,0.0,
486,486,0.0,0.0,0.0,0.0,0.0,0.0,
487,487,0.0,0.0,0.0,0.0,0.0,0.0,
488,488,0.0,0.0,0.0,0.0,0.0,0.0,
489,489,0.0,0.056345667794942,0.028172833897471,0.0007937085698144911,0.0007937085698144911,0.0007937085698144911,0.028172833897471
490,490,0.0,0.0,0.0,0.0,0.0,0.0,
491,491,0.0,0.0,0.0,0.0,0.0,0.0,
492,492,0.0,0.0,0.0,0.0,0.0,0.0,
493,493,0.0,0.0,0.0,0.0,0.0,0.0,
494,494,0.0,0.0,0.0,0.0,0.0,0.0,
495,495,0.0,0.0,0.0,0.0,0.0,0.0,
496,496,0.0,0.056345667794942,0.028172833897471,0.0007937085698144911,0.0007937085698144911,0.0007937085698144911,0.028172833897471
497,497,0.0,0.0,0.0,0.0,0.0,0.0,
498,498,0.0,0.0,0.0,0.0,0.0,0.0,
499,499,0.0539614530501749,0.0,0.02698072652508745,0.0007279596038215575,0.0007279596038215575,0.0007279596038215575,0.02698072652508745
500,500,0.0,0.0,0.0,0.0,0.0,0.0,
501,501,0.0,0.0,0.0,0.0,0.0,0.0,
502,502,0.0,0.0,0.0,0.0,0.0,0.0,
503,503,0.0,0.0,0.0,0.0,0.0,0.0,
504,504,0.0539614530501749,0.0,0.02698072652508745,0.0007279596038215575,0.0007279596038215575,0.0007279596038215575,0.02698072652508745
505,505,0.0539614530501749,0.0,0.02698072652508745,0.0007279596038215575,0.0007279596038215575,0.0007279596038215575,0.02698072652508745
506,506,0.0539614530501749,0.0,0.02698072652508745,0.0007279596038215575,0.0007279596038215575,0.0007279596038215575,0.02698072652508745
507,507,0.0539614530501749,0.0,0.02698072652508745,0.0007279596038215575,0.0007279596038215575,0.0007279596038215575,0.02698072652508745
508,508,0.0539614530501749,0.0,0.02698072652508745,0.0007279596038215575,0.0007279596038215575,0.0007279596038215575,0.02698072652508745
509,509,0.0539614530501749,0.0,0.02698072652508745,0.0007279596038215575,0.0007279596038215575,0.0007279596038215575,0.02698072652508745
510,510,0.0539614530501749,0.0,0.02698072652508745,0.0007279596038215575,0.0007279596038215575,0.0007279596038215575,0.02698072652508745
511,511,0.0539614530501749,0.0,0.02698072652508745,0.0007279596038215575,0.0007279596038215575,0.0007279596038215575,0.02698072652508745
512,512,0.0539614530501749,0.0,0.02698072652508745,0.0007279596038215575,0.0007279596038215575,0.0007279596038215575,0.02698072652508745
513,513,0.0539614530501749,0.0,0.02698072652508745,0.0007279596038215575,0.0007279596038215575,0.0007279596038215575,0.02698072652508745
514,514,0.0539614530501749,0.0,0.02698072652508745,0.0007279596038215575,0.0007279596038215575,0.0007279596038215575,0.02698072652508745
515,515,0.0539614530501749,0.0,0.02698072652508745,0.0007279596038215575,0.0007279596038215575,0.0007279596038215575,0.02698072652508745
516,516,0.0539614530501749,0.0,0.02698072652508745,0.0007279596038215575,0.0007279596038215575,0.0007279596038215575,0.02698072652508745
517,517,0.0539614530501749,0.0,0.02698072652508745,0.0007279596038215575,0.0007279596038215575,0.0007279596038215575,0.02698072652508745
518,518,0.0539614530501749,0.0,0.02698072652508745,0.0007279596038215575,0.0007279596038215575,0.0007279596038215575,0.02698072652508745
519,519,0.0539614530501749,0.0,0.02698072652508745,0.0007279596038215575,0.0007279596038215575,0.0007279596038215575,0.02698072652508745
520,520,0.0539614530501749,0.0,0.02698072652508745,0.0007279596038215575,0.0007279596038215575,0.0007279596038215575,0.02698072652508745
521,521,0.0539614530501749,0.0,0.02698072652508745,0.0007279596038215575,0.0007279596038215575,0.0007279596038215575,0.02698072652508745
522,522,0.0539614530501749,0.0,0.02698072652508745,0.0007279596038215575,0.0007279596038215575,0.0007279596038215575,0.02698072652508745
523,523,0.0539614530501749,0.0,0.02698072652508745,0.0007279596038215575,0.0007279596038215575,0.0007279596038215575,0.02698072652508745
524,524,0.0539614530501749,0.0,0.02698072652508745,0.0007279596038215575,0.0007279596038215575,0.0007279596038215575,0.02698072652508745
525,525,0.0539614530501749,0.0,0.02698072652508745,0.0007279596038215575,0.0007279596038215575,0.0007279596038215575,0.02698072652508745
526,526,0.0539614530501749,0.0,0.02698072652508745,0.0007279596038215575,0.0007279596038215575,0.0007279596038215575,0.02698072652508745
527,527,0.0539614530501749,0.0,0.02698072652508745,0.0007279596038215575,0.0007279596038215575,0.0007279596038215575,0.02698072652508745
528,528,0.0,0.0,0.0,0.0,0.0,0.0,
529,529,0.0,0.0,0.0,0.0,0.0,0.0,
530,530,0.0,0.0,0.0,0.0,0.0,0.0,
531,531,0.0,0.0,0.0,0.0,0.0,0.0,
532,532,0.0,0.0,0.0,0.0,0.0,0.0,
533,533,0.0,0.0,0.0,0.0,0.0,0.0,
534,534,0.0,0.0,0.0,0.0,0.0,0.0,
535,535,0.0,0.0,0.0,0.0,0.0,0.0,
536,536,0.0,0.0,0.0,0.0,0.0,0.0,
537,537,0.0,0.0,0.0,0.0,0.0,0.0,
538,538,0.0,0.0,0.0,0.0,0.0,0.0,
539,539,0.0,0.0,0.0,0.0,0.0,0.0,
540,540,0.0,0.0,0.0,0.0,0.0,0.0,
541,541,0.0,0.0,0.0,0.0,0.0,0.0,
542,542,0.0,0.0,0.0,0.0,0.0,0.0,
543,543,0.0,0.0,0.0,0.0,0.0,0.0,
544,544,0.0,0.0,0.0,0.0,0.0,0.0,
545,545,0.0,0.0,0.0,0.0,0.0,0.0,
546,546,0.0,0.0,0.0,0.0,0.0,0.0,
547,547,0.0,0.0,0.0,0.0,0.0,0.0,
548,548,0.0,0.0,0.0,0.0,0.0,0.0,
549,549,0.0,0.0,0.0,0.0,0.0,0.0,
550,550,0.0,0.0,0.0,0.0,0.0,0.0,
551,551,0.0,0.0,0.0,0.0,0.0,0.0,
552,552,0.0,0.0,0.0,0.0,0.0,0.0,
553,553,0.0,0.0,0.0,0.0,0.0,0.0,
554,554,0.0,0.0,0.0,0.0,0.0,0.0,
555,555,0.0,0.0,0.0,0.0,0.0,0.0,
556,556,0.0,0.0,0.0,0.0,0.0,0.0,
557,557,0.0,0.0,0.0,0.0,0.0,0.0,
558,558,0.0,0.0,0.0,0.0,0.0,0.0,
559,559,0.0,0.0,0.0,0.0,0.0,0.0,
560,560,0.0,0.0,0.0,0.0,0.0,0.0,
561,561,0.0,0.0,0.0,0.0,0.0,0.0,
562,562,0.0,0.0,0.0,0.0,0.0,0.0,
563,563,0.0,0.0,0.0,0.0,0.0,0.0,
564,564,0.0,0.0,0.0,0.0,0.0,0.0,
565,565,0.0,0.0,0.0,0.0,0.0,0.0,
566,566,0.0,0.0,0.0,0.0,0.0,0.0,
567,567,0.0,0.0,0.0,0.0,0.0,0.0,
568,568,0.0,0.0,0.0,0.0,0.0,0.0,
569,569,0.0,0.0,0.0,0.0,0.0,0.0,
570,570,0.0,0.0,0.0,0.0,0.0,0.0,
571,571,0.0,0.0,0.0,0.0,0.0,0.0,
572,572,0.0,0.0,0.0,0.0,0.0,0.0,
573,573,0.0,0.0,0.0,0.0,0.0,0.0,
574,574,0.0,0.0,0.0,0.0,0.0,0.0,
575,575,0.0,0.0,0.0,0.0,0.0,0.0,
576,576,0.0,0.0,0.0,0.0,0.0,0.0,
577,577,0.0,0.0,0.0,0.0,0.0,0.0,
578,578,0.0,0.0,0.0,0.0,0.0,0.0,
579,579,0.0,0.0,0.0,0.0,0.0,0.0,
580,580,0.0,0.0,0.0,0.0,0.0,0.0,
581,581,0.0,0.0,0.0,0.0,0.0,0.0,
582,582,0.0,0.0,0.0,0.0,0.0,0.0,
583,583,0.0,0.0,0.0,0.0,0.0,0.0,
584,584,0.0,0.0,0.0,0.0,0.0,0.0,
585,585,0.0,0.0,0.0,0.0,0.0,0.0,
586,586,0.0,0.0,0.0,0.0,0.0,0.0,
587,587,0.0,0.0,0.0,0.0,0.0,0.0,
588,588,0.0,0.0,0.0,0.0,0.0,0.0,
589,589,0.0,0.0,0.0,0.0,0.0,0.0,
590,590,0.0,0.0,0.0,0.0,0.0,0.0,
591,591,0.0,0.0,0.0,0.0,0.0,0.0,
592,592,0.0,0.0,0.0,0.0,0.0,0.0,
593,593,0.0,0.0,0.0,0.0,0.0,0.0,
594,594,0.0,0.0,0.0,0.0,0.0,0.0,
595,595,0.0,0.0,0.0,0.0,0.0,0.0,
596,596,0.0,0.0,0.0,0.0,0.0,0.0,
597,597,0.0,0.0,0.0,0.0,0.0,0.0,
598,598,0.0,0.0,0.0,0.0,0.0,0.0,
599,599,0.0,0.0,0.0,0.0,0.0,0.0,
600,600,0.0,0.0,0.0,0.0,0.0,0.0,
601,601,0.0,0.0,0.0,0.0,0.0,0.0,
602,602,0.0,0.0,0.0,0.0,0.0,0.0,
603,603,0.0,0.0,0.0,0.0,0.0,0.0,
604,604,0.0,0.0,0.0,0.0,0.0,0.0,
605,605,0.0,0.0,0.0,0.0,0.0,0.0,
606,606,0.0,0.0,0.0,0.0,0.0,0.0,
607,607,0.0,0.0,0.0,0.0,0.0,0.0,
608,608,0.0,0.0,0.0,0.0,0.0,0.0,
609,609,0.0,0.0,0.0,0.0,0.0,0.0,
610,610,0.0,0.0,0.0,0.0,0.0,0.0,
611,611,0.0,0.0,0.0,0.0,0.0,0.0,
612,612,0.0,0.0,0.0,0.0,0.0,0.0,
613,613,0.0,0.0,0.0,0.0,0.0,0.0,
614,614,0.0,0.0,0.0,0.0,0.0,0.0,
615,615,0.0,0.0,0.0,0.0,0.0,0.0,
616,616,0.0,0.0,0.0,0.0,0.0,0.0,
617,617,0.0,0.0,0.0,0.0,0.0,0.0,
618,618,0.0,0.0,0.0,0.0,0.0,0.0,
619,619,0.0,0.0,0.0,0.0,0.0,0.0,
620,620,0.0,0.0,0.0,0.0,0.0,0.0,
621,621,0.0,0.0,0.0,0.0,0.0,0.0,
622,622,0.0,0.0,0.0,0.0,0.0,0.0,
623,623,0.0,0.0,0.0,0.0,0.0,0.0,
624,624,0.0,0.0,0.0,0.0,0.0,0.0,
625,625,0.0,0.0,0.0,0.0,0.0,0.0,
626,626,0.0,0.0,0.0,0.0,0.0,0.0,
627,627,0.0,0.0,0.0,0.0,0.0,0.0,
628,628,0.0,0.0,0.0,0.0,0.0,0.0,
629,629,0.0,0.0,0.0,0.0,0.0,0.0,
630,630,0.0,0.0,0.0,0.0,0.0,0.0,
631,631,0.0,0.0,0.0,0.0,0.0,0.0,
632,632,0.0,0.0,0.0,0.0,0.0,0.0,
633,633,0.0,0.0,0.0,0.0,0.0,0.0,
634,634,0.0,0.0,0.0,0.0,0.0,0.0,
635,635,0.0,0.0,0.0,0.0,0.0,0.0,
636,636,0.0,0.0,0.0,0.0,0.0,0.0,
637,637,0.0,0.0,0.0,0.0,0.0,0.0,
638,638,0.0,0.0,0.0,0.0,0.0,0.0,
639,639,0.0,0.0,0.0,0.0,0.0,0.0,
640,640,0.0,0.0,0.0,0.0,0.0,0.0,
641,641,0.0,0.0,0.0,0.0,0.0,0.0,
642,642,0.0,0.0,0.0,0.0,0.0,0.0,
643,643,0.0,0.0,0.0,0.0,0.0,0.0,
644,644,0.0,0.0,0.0,0.0,0.0,0.0,
645,645,0.0,0.0,0.0,0.0,0.0,0.0,
646,646,0.0,0.0,0.0,0.0,0.0,0.0,
647,647,0.0,0.0,0.0,0.0,0.0,0.0,
648,648,0.0,0.0,0.0,0.0,0.0,0.0,
649,649,0.0,0.0,0.0,0.0,0.0,0.0,
650,650,0.0,0.0,0.0,0.0,0.0,0.0,
651,651,0.0,0.0,0.0,0.0,0.0,0.0,
652,652,0.0,0.0,0.0,0.0,0.0,0.0,
653,653,0.0,0.0,0.0,0.0,0.0,0.0,
654,654,0.0,0.0,0.0,0.0,0.0,0.0,
655,655,0.0,0.0,0.0,0.0,0.0,0.0,
656,656,0.0,0.0,0.0,0.0,0.0,0.0,
657,657,0.0,0.0,0.0,0.0,0.0,0.0,
658,658,0.0,0.0,0.0,0.0,0.0,0.0,
659,659,0.0,0.0,0.0,0.0,0.0,0.0,
660,660,0.0,0.0,0.0,0.0,0.0,0.0,
661,661,0.0,0.0,0.0,0.0,0.0,0.0,
662,662,0.0,0.0,0.0,0.0,0.0,0.0,
663,663,0.0,0.0,0.0,0.0,0.0,0.0,
664,664,0.0,0.0,0.0,0.0,0.0,0.0,
665,665,0.0,0.0,0.0,0.0,0.0,0.0,
666,666,0.0,0.0,0.0,0.0,0.0,0.0,
667,667,0.0,0.0,0.0,0.0,0.0,0.0,
668,668,0.0,0.0,0.0,0.0,0.0,0.0,
669,669,0.0,0.0,0.0,0.0,0.0,0.0,
670,670,0.0,0.0,0.0,0.0,0.0,0.0,
671,671,0.0,0.0,0.0,0.0,0.0,0.0,
672,672,0.0,0.0,0.0,0.0,0.0,0.0,
673,673,0.0,0.0,0.0,0.0,0.0,0.0,
674,674,0.0539614530501749,0.0,0.02698072652508745,0.0007279596038215575,0.0007279596038215575,0.0007279596038215575,0.02698072652508745
675,675,0.0,0.0,0.0,0.0,0.0,0.0,
676,676,0.0,0.0,0.0,0.0,0.0,0.0,
677,677,0.0,0.0,0.0,0.0,0.0,0.0,
678,678,0.0,0.0,0.0,0.0,0.0,0.0,
679,679,0.0,0.0,0.0,0.0,0.0,0.0,
680,680,0.0,0.0,0.0,0.0,0.0,0.0,
681,681,0.0,0.0,0.0,0.0,0.0,0.0,
682,682,0.0,0.0,0.0,0.0,0.0,0.0,
683,683,0.0913249255916541,0.0,0.04566246279582705,0.0020850605085802896,0.0020850605085802896,0.0020850605085802896,0.04566246279582705
684,684,0.0913249255916541,0.0,0.04566246279582705,0.0020850605085802896,0.0020850605085802896,0.0020850605085802896,0.04566246279582705
685,685,0.0913249255916541,0.0,0.04566246279582705,0.0020850605085802896,0.0020850605085802896,0.0020850605085802896,0.04566246279582705
686,686,0.0913249255916541,0.056345667794942,0.07383529669329805,0.00030588711900221105,0.00030588711900221105,0.00030588711900221105,0.0041428304984379655
687,687,0.0913249255916541,0.056345667794942,0.07383529669329805,0.00030588711900221105,0.00030588711900221105,0.00030588711900221105,0.0041428304984379655
688,688,0.0913249255916541,0.056345667794942,0.07383529669329805,0.00030588711900221105,0.00030588711900221105,0.00030588711900221105,0.0041428304984379655
689,689,0.122211266131977,0.056345667794942,0.08927846696345951,0.0010845692610739063,0.0010845692610739071,0.0010845692610739067,0.012148161790432698
690,690,0.122211266131977,0.056345667794942,0.08927846696345951,0.0010845692610739063,0.0010845692610739071,0.0010845692610739067,0.012148161790432698
691,691,0.122211266131977,0.056345667794942,0.08927846696345951,0.0010845692610739063,0.0010845692610739071,0.0010845692610739067,0.012148161790432698
692,692,0.122211266131977,0.056345667794942,0.08927846696345951,0.0010845692610739063,0.0010845692610739071,0.0010845692610739067,0.012148161790432698
693,693,0.122211266131977,0.056345667794942,0.08927846696345951,0.0010845692610739063,0.0010845692610739071,0.0010845692610739067,0.012148161790432698
694,694,0.122211266131977,0.056345667794942,0.08927846696345951,0.0010845692610739063,0.0010845692610739071,0.0010845692610739067,0.012148161790432698
695,695,0.122211266131977,0.056345667794942,0.08927846696345951,0.0010845692610739063,0.0010845692610739071,0.0010845692610739067,0.012148161790432698
696,696,0.122211266131977,0.056345667794942,0.08927846696345951,0.0010845692610739063,0.0010845692610739071,0.0010845692610739067,0.012148161790432698
697,697,0.122211266131977,0.056345667794942,0.08927846696345951,0.0010845692610739063,0.0010845692610739071,0.0010845692610739067,0.012148161790432698
698,698,0.122211266131977,0.056345667794942,0.08927846696345951,0.0010845692610739063,0.0010845692610739071,0.0010845692610739067,0.012148161790432698
699,699,0.122211266131977,0.056345667794942,0.08927846696345951,0.0010845692610739063,0.0010845692610739071,0.0010845692610739067,0.012148161790432698
700,700,0.122211266131977,0.056345667794942,0.08927846696345951,0.0010845692610739063,0.0010845692610739071,0.0010845692610739067,0.012148161790432698
701,701,0.122211266131977,0.056345667794942,0.08927846696345951,0.0010845692610739063,0.0010845692610739071,0.0010845692610739067,0.012148161790432698
702,702,0.122211266131977,0.0951246155703256,0.1086679408511513,0.00018342165966225228,0.00018342165966225266,0.00018342165966225247,0.0016879095916015894
703,703,0.122211266131977,0.0951246155703256,0.1086679408511513,0.00018342165966225228,0.00018342165966225266,0.00018342165966225247,0.0016879095916015894
704,704,0.122211266131977,0.0951246155703256,0.1086679408511513,0.00018342165966225228,0.00018342165966225266,0.00018342165966225247,0.0016879095916015894
705,705,0.148763886735045,0.0951246155703256,0.12194425115268531,0.0007192928527705744,0.000719292852770575,0.0007192928527705747,0.005898538438437369
706,706,0.148763886735045,0.0951246155703256,0.12194425115268531,0.0007192928527705744,0.000719292852770575,0.0007192928527705747,0.005898538438437369
707,707,0.148763886735045,0.0951246155703256,0.12194425115268531,0.0007192928527705744,0.000719292852770575,0.0007192928527705747,0.005898538438437369
708,708,0.148763886735045,0.0951246155703256,0.12194425115268531,0.0007192928527705744,0.000719292852770575,0.0007192928527705747,0.005898538438437369
709,709,0.148763886735045,0.0951246155703256,0.12194425115268531,0.0007192928527705744,0.000719292852770575,0.0007192928527705747,0.005898538438437369
710,710,0.148763886735045,0.0951246155703256,0.12194425115268531,0.0007192928527705744,0.000719292852770575,0.0007192928527705747,0.005898538438437369
711,711,0.148763886735045,0.0951246155703256,0.12194425115268531,0.0007192928527705744,0.000719292852770575,0.0007192928527705747,0.005898538438437369
712,712,0.148763886735045,0.0951246155703256,0.12194425115268531,0.0007192928527705744,0.000719292852770575,0.0007192928527705747,0.005898538438437369
713,713,0.148763886735045,0.0951246155703256,0.12194425115268531,0.0007192928527705744,0.000719292852770575,0.0007192928527705747,0.005898538438437369
714,714,0.148763886735045,0.0951246155703256,0.12194425115268531,0.0007192928527705744,0.000719292852770575,0.0007192928527705747,0.005898538438437369
715,715,0.148763886735045,0.0951246155703256,0.12194425115268531,0.0007192928527705744,0.000719292852770575,0.0007192928527705747,0.005898538438437369
716,716,0.148763886735045,0.0951246155703256,0.12194425115268531,0.0007192928527705744,0.000719292852770575,0.0007192928527705747,0.005898538438437369
717,717,0.148763886735045,0.0951246155703256,0.12194425115268531,0.0007192928527705744,0.000719292852770575,0.0007192928527705747,0.005898538438437369
718,718,0.148763886735045,0.0951246155703256,0.12194425115268531,0.0007192928527705744,0.000719292852770575,0.0007192928527705747,0.005898538438437369
719,719,0.148763886735045,0.0951246155703256,0.12194425115268531,0.0007192928527705744,0.000719292852770575,0.0007192928527705747,0.005898538438437369
720,720,0.148763886735045,0.0951246155703256,0.12194425115268531,0.0007192928527705744,0.000719292852770575,0.0007192928527705747,0.005898538438437369
721,721,0.148763886735045,0.0951246155703256,0.12194425115268531,0.0007192928527705744,0.000719292852770575,0.0007192928527705747,0.005898538438437369
722,722,0.148763886735045,0.0951246155703256,0.12194425115268531,0.0007192928527705744,0.000719292852770575,0.0007192928527705747,0.005898538438437369
723,723,0.148763886735045,0.0951246155703256,0.12194425115268531,0.0007192928527705744,0.000719292852770575,0.0007192928527705747,0.005898538438437369
724,724,0.148763886735045,0.0951246155703256,0.12194425115268531,0.0007192928527705744,0.000719292852770575,0.0007192928527705747,0.005898538438437369
725,725,0.148763886735045,0.0951246155703256,0.12194425115268531,0.0007192928527705744,0.000719292852770575,0.0007192928527705747,0.005898538438437369
726,726,0.148763886735045,0.0951246155703256,0.12194425115268531,0.0007192928527705744,0.000719292852770575,0.0007192928527705747,0.005898538438437369
727,727,0.148763886735045,0.0951246155703256,0.12194425115268531,0.0007192928527705744,0.000719292852770575,0.0007192928527705747,0.005898538438437369
728,728,0.148763886735045,0.0951246155703256,0.12194425115268531,0.0007192928527705744,0.000719292852770575,0.0007192928527705747,0.005898538438437369
729,729,0.148763886735045,0.0951246155703256,0.12194425115268531,0.0007192928527705744,0.000719292852770575,0.0007192928527705747,0.005898538438437369
730,730,0.148763886735045,0.0951246155703256,0.12194425115268531,0.0007192928527705744,0.000719292852770575,0.0007192928527705747,0.005898538438437369
731,731,0.148763886735045,0.0951246155703256,0.12194425115268531,0.0007192928527705744,0.000719292852770575,0.0007192928527705747,0.005898538438437369
732,732,0.148763886735045,0.0951246155703256,0.12194425115268531,0.0007192928527705744,0.000719292852770575,0.0007192928527705747,0.005898538438437369
733,733,0.148763886735045,0.0951246155703256,0.12194425115268531,0.0007192928527705744,0.000719292852770575,0.0007192928527705747,0.005898538438437369
734,734,0.148763886735045,0.056345667794942,0.10255477726499351,0.0021352817980152027,0.002135281798015204,0.0021352817980152036,0.020820890600715777
735,735,0.148763886735045,0.056345667794942,0.10255477726499351,0.0021352817980152027,0.002135281798015204,0.0021352817980152036,0.020820890600715777
736,736,0.148763886735045,0.112326329608267,0.130545108171656,0.00033192389234180334,0.0003319238923418023,0.0003319238923418028,0.0025425992363141666
737,737,0.122211266131977,0.056345667794942,0.08927846696345951,0.0010845692610739063,0.0010845692610739071,0.0010845692610739067,0.012148161790432698
738,738,0.122211266131977,0.056345667794942,0.08927846696345951,0.0010845692610739063,0.0010845692610739071,0.0010845692610739067,0.012148161790432698
739,739,0.122211266131977,0.056345667794942,0.08927846696345951,0.0010845692610739063,0.0010845692610739071,0.0010845692610739067,0.012148161790432698
740,740,0.122211266131977,0.056345667794942,0.08927846696345951,0.0010845692610739063,0.0010845692610739071,0.0010845692610739067,0.012148161790432698
741,741,0.122211266131977,0.0951246155703256,0.1086679408511513,0.00018342165966225228,0.00018342165966225266,0.00018342165966225247,0.0016879095916015894
742,742,0.122211266131977,0.0951246155703256,0.1086679408511513,0.00018342165966225228,0.00018342165966225266,0.00018342165966225247,0.0016879095916015894
743,743,0.122211266131977,0.0951246155703256,0.1086679408511513,0.00018342165966225228,0.00018342165966225266,0.00018342165966225247,0.0016879095916015894
744,744,0.148763886735045,0.0951246155703256,0.12194425115268531,0.0007192928527705744,0.000719292852770575,0.0007192928527705747,0.005898538438437369
745,745,0.148763886735045,0.0951246155703256,0.12194425115268531,0.0007192928527705744,0.000719292852770575,0.0007192928527705747,0.005898538438437369
746,746,0.148763886735045,0.0951246155703256,0.12194425115268531,0.0007192928527705744,0.000719292852770575,0.0007192928527705747,0.005898538438437369
747,747,0.148763886735045,0.0951246155703256,0.12194425115268531,0.0007192928527705744,0.000719292852770575,0.0007192928527705747,0.005898538438437369
748,748,0.148763886735045,0.0951246155703256,0.12194425115268531,0.0007192928527705744,0.000719292852770575,0.0007192928527705747,0.005898538438437369
749,749,0.148763886735045,0.0951246155703256,0.12194425115268531,0.0007192928527705744,0.000719292852770575,0.0007192928527705747,0.005898538438437369
750,750,0.148763886735045,0.0951246155703256,0.12194425115268531,0.0007192928527705744,0.000719292852770575,0.0007192928527705747,0.005898538438437369
751,751,0.148763886735045,0.0951246155703256,0.12194425115268531,0.0007192928527705744,0.000719292852770575,0.0007192928527705747,0.005898538438437369
752,752,0.148763886735045,0.0951246155703256,0.12194425115268531,0.0007192928527705744,0.000719292852770575,0.0007192928527705747,0.005898538438437369
753,753,0.148763886735045,0.0951246155703256,0.12194425115268531,0.0007192928527705744,0.000719292852770575,0.0007192928527705747,0.005898538438437369
754,754,0.148763886735045,0.0951246155703256,0.12194425115268531,0.0007192928527705744,0.000719292852770575,0.0007192928527705747,0.005898538438437369
755,755,0.148763886735045,0.0951246155703256,0.12194425115268531,0.0007192928527705744,0.000719292852770575,0.0007192928527705747,0.005898538438437369
756,756,0.148763886735045,0.0951246155703256,0.12194425115268531,0.0007192928527705744,0.000719292852770575,0.0007192928527705747,0.005898538438437369
757,757,0.148763886735045,0.0951246155703256,0.12194425115268531,0.0007192928527705744,0.000719292852770575,0.0007192928527705747,0.005898538438437369
758,758,0.148763886735045,0.0951246155703256,0.12194425115268531,0.0007192928527705744,0.000719292852770575,0.0007192928527705747,0.005898538438437369
759,759,0.148763886735045,0.0951246155703256,0.12194425115268531,0.0007192928527705744,0.000719292852770575,0.0007192928527705747,0.005898538438437369
760,760,0.148763886735045,0.209157255581655,0.17896057115835,0.000911839750160671,0.0009118397501606694,0.0009118397501606701,0.005095199150620978
761,761,0.148763886735045,0.0951246155703256,0.12194425115268531,0.0007192928527705744,0.000719292852770575,0.0007192928527705747,0.005898538438437369
762,762,0.148763886735045,0.0951246155703256,0.12194425115268531,0.0007192928527705744,0.000719292852770575,0.0007192928527705747,0.005898538438437369
763,763,0.244349152610462,0.056345667794942,0.150347410202702,0.008836327575694863,0.008836327575694867,0.008836327575694865,0.05877272886697227
764,764,0.148763886735045,0.056345667794942,0.10255477726499351,0.0021352817980152027,0.002135281798015204,0.0021352817980152036,0.020820890600715777
765,765,0.148763886735045,0.056345667794942,0.10255477726499351,0.0021352817980152027,0.002135281798015204,0.0021352817980152036,0.020820890600715777
766,766,0.122211266131977,0.056345667794942,0.08927846696345951,0.0010845692610739063,0.0010845692610739071,0.0010845692610739067,0.012148161790432698
767,767,0.122211266131977,0.056345667794942,0.08927846696345951,0.0010845692610739063,0.0010845692610739071,0.0010845692610739067,0.012148161790432698
768,768,0.122211266131977,0.056345667794942,0.08927846696345951,0.0010845692610739063,0.0010845692610739071,0.0010845692610739067,0.012148161790432698
769,769,0.122211266131977,0.0,0.0611056330659885,0.003733898392395227,0.003733898392395227,0.003733898392395227,0.0611056330659885
770,770,0.122211266131977,0.0,0.0611056330659885,0.003733898392395227,0.003733898392395227,0.003733898392395227,0.0611056330659885
771,771,0.122211266131977,0.0,0.0611056330659885,0.003733898392395227,0.003733898392395227,0.003733898392395227,0.0611056330659885
772,772,0.0,0.0,0.0,0.0,0.0,0.0,
773,773,0.0,0.0,0.0,0.0,0.0,0.0,
774,774,0.0,0.0,0.0,0.0,0.0,0.0,
775,775,0.0,0.0,0.0,0.0,0.0,0.0,
776,776,0.0,0.0,0.0,0.0,0.0,0.0,
777,777,0.0,0.0,0.0,0.0,0.0,0.0,
778,778,0.0,0.0,0.0,0.0,0.0,0.0,
779,779,0.0,0.0,0.0,0.0,0.0,0.0,
780,780,0.0,0.0,0.0,0.0,0.0,0.0,
781,781,0.0,0.0,0.0,0.0,0.0,0.0,
782,782,0.0,0.0,0.0,0.0,0.0,0.0,
783,783,0.0,0.0,0.0,0.0,0.0,0.0,
784,784,0.0,0.0,0.0,0.0,0.0,0.0,
785,785,0.0,0.0,0.0,0.0,0.0,0.0,
786,786,0.0,0.0,0.0,0.0,0.0,0.0,
787,787,0.0,0.0,0.0,0.0,0.0,0.0,
788,788,0.0,0.0,0.0,0.0,0.0,0.0,
789,789,0.0,0.0,0.0,0.0,0.0,0.0,
790,790,0.0,0.0,0.0,0.0,0.0,0.0,
791,791,0.0,0.0,0.0,0.0,0.0,0.0,
792,792,0.0,0.0,0.0,0.0,0.0,0.0,
793,793,0.0,0.0,0.0,0.0,0.0,0.0,
794,794,0.0,0.0,0.0,0.0,0.0,0.0,
795,795,0.0,0.0,0.0,0.0,0.0,0.0,
796,796,0.0,0.0,0.0,0.0,0.0,0.0,
797,797,0.0,0.0,0.0,0.0,0.0,0.0,
798,798,0.0,0.0,0.0,0.0,0.0,0.0,
799,799,0.0,0.0,0.0,0.0,0.0,0.0,
800,800,0.0,0.0,0.0,0.0,0.0,0.0,
801,801,0.0,0.0,0.0,0.0,0.0,0.0,
802,802,0.0,0.0,0.0,0.0,0.0,0.0,
803,803,0.0,0.0,0.0,0.0,0.0,0.0,
804,804,0.0,0.0,0.0,0.0,0.0,0.0,
805,805,0.0,0.0,0.0,0.0,0.0,0.0,
806,806,0.0,0.0,0.0,0.0,0.0,0.0,
807,807,0.0,0.0,0.0,0.0,0.0,0.0,
808,808,0.0,0.0,0.0,0.0,0.0,0.0,
809,809,0.0,0.0,0.0,0.0,0.0,0.0,
810,810,0.0,0.0,0.0,0.0,0.0,0.0,
811,811,0.0,0.0,0.0,0.0,0.0,0.0,
812,812,0.0,0.0,0.0,0.0,0.0,0.0,
813,813,0.0,0.0,0.0,0.0,0.0,0.0,
814,814,0.0,0.0,0.0,0.0,0.0,0.0,
815,815,0.0,0.0,0.0,0.0,0.0,0.0,
816,816,0.0,0.0,0.0,0.0,0.0,0.0,
817,817,0.0,0.0,0.0,0.0,0.0,0.0,
818,818,0.0,0.0,0.0,0.0,0.0,0.0,
819,819,0.0,0.0,0.0,0.0,0.0,0.0,
820,820,0.0,0.0,0.0,0.0,0.0,0.0,
821,821,0.0,0.0,0.0,0.0,0.0,0.0,
822,822,0.0,0.0,0.0,0.0,0.0,0.0,
823,823,0.0,0.0,0.0,0.0,0.0,0.0,
824,824,0.0,0.0,0.0,0.0,0.0,0.0,
825,825,0.0,0.0,0.0,0.0,0.0,0.0,
826,826,0.0,0.0,0.0,0.0,0.0,0.0,
827,827,0.0,0.0,0.0,0.0,0.0,0.0,
828,828,0.0,0.0,0.0,0.0,0.0,0.0,
829,829,0.0,0.0,0.0,0.0,0.0,0.0,
830,830,0.0,0.0,0.0,0.0,0.0,0.0,
831,831,0.0,0.0,0.0,0.0,0.0,0.0,
832,832,0.0,0.0,0.0,0.0,0.0,0.0,
833,833,0.0,0.0,0.0,0.0,0.0,0.0,
834,834,0.0,0.0,0.0,0.0,0.0,0.0,
835,835,0.0,0.0,0.0,0.0,0.0,0.0,
836,836,0.0,0.0,0.0,0.0,0.0,0.0,
837,837,0.0,0.0,0.0,0.0,0.0,0.0,
838,838,0.0,0.0,0.0,0.0,0.0,0.0,
839,839,0.0,0.0,0.0,0.0,0.0,0.0,
840,840,0.0,0.0,0.0,0.0,0.0,0.0,
841,841,0.0,0.0,0.0,0.0,0.0,0.0,
842,842,0.0,0.0,0.0,0.0,0.0,0.0,
843,843,0.0,0.0,0.0,0.0,0.0,0.0,
844,844,0.0,0.0,0.0,0.0,0.0,0.0,
845,845,0.0,0.0,0.0,0.0,0.0,0.0,
846,846,0.0,0.0,0.0,0.0,0.0,0.0,
847,847,0.0,0.0,0.0,0.0,0.0,0.0,
848,848,0.0,0.0,0.0,0.0,0.0,0.0,
849,849,0.0,0.0,0.0,0.0,0.0,0.0,
850,850,0.0,0.0,0.0,0.0,0.0,0.0,
851,851,0.0,0.0,0.0,0.0,0.0,0.0,
852,852,0.0,0.0,0.0,0.0,0.0,0.0,
853,853,0.0,0.0,0.0,0.0,0.0,0.0,
854,854,0.0,0.0,0.0,0.0,0.0,0.0,
855,855,0.0,0.0,0.0,0.0,0.0,0.0,
856,856,0.0,0.0,0.0,0.0,0.0,0.0,
857,857,0.0,0.0,0.0,0.0,0.0,0.0,
858,858,0.0,0.0,0.0,0.0,0.0,0.0,
859,859,0.0,0.0,0.0,0.0,0.0,0.0,
860,860,0.0,0.0,0.0,0.0,0.0,0.0,
861,861,0.0,0.0,0.0,0.0,0.0,0.0,
862,862,0.0,0.0,0.0,0.0,0.0,0.0,
863,863,0.0,0.0,0.0,0.0,0.0,0.0,
864,864,0.0,0.0,0.0,0.0,0.0,0.0,
865,865,0.0,0.0,0.0,0.0,0.0,0.0,
866,866,0.0,0.0,0.0,0.0,0.0,0.0,
867,867,0.0,0.0,0.0,0.0,0.0,0.0,
868,868,0.0,0.0,0.0,0.0,0.0,0.0,
869,869,0.0,0.0,0.0,0.0,0.0,0.0,
870,870,0.0,0.0,0.0,0.0,0.0,0.0,
871,871,0.0,0.0,0.0,0.0,0.0,0.0,
872,872,0.0,0.0,0.0,0.0,0.0,0.0,
873,873,0.0,0.0,0.0,0.0,0.0,0.0,
874,874,0.0,0.0,0.0,0.0,0.0,0.0,
875,875,0.0,0.0,0.0,0.0,0.0,0.0,
876,876,0.0,0.0,0.0,0.0,0.0,0.0,
877,877,0.0,0.0,0.0,0.0,0.0,0.0,
878,878,0.0,0.0,0.0,0.0,0.0,0.0,
879,879,0.0,0.0,0.0,0.0,0.0,0.0,
880,880,0.0,0.0,0.0,0.0,0.0,0.0,
881,881,0.0,0.0,0.0,0.0,0.0,0.0,
882,882,0.0,0.0,0.0,0.0,0.0,0.0,
883,883,0.0,0.0,0.0,0.0,0.0,0.0,
884,884,0.0,0.0,0.0,0.0,0.0,0.0,
885,885,0.0,0.0,0.0,0.0,0.0,0.0,
886,886,0.0,0.0,0.0,0.0,0.0,0.0,
887,887,0.0,0.0,0.0,0.0,0.0,0.0,
888,888,0.0,0.0,0.0,0.0,0.0,0.0,
889,889,0.0,0.0,0.0,0.0,0.0,0.0,
890,890,0.0,0.0,0.0,0.0,0.0,0.0,
891,891,0.0,0.0,0.0,0.0,0.0,0.0,
892,892,0.0,0.0,0.0,0.0,0.0,0.0,
893,893,0.0,0.0,0.0,0.0,0.0,0.0,
894,894,0.0,0.0,0.0,0.0,0.0,0.0,
895,895,0.0,0.0,0.0,0.0,0.0,0.0,
896,896,0.0,0.0,0.0,0.0,0.0,0.0,
897,897,0.0,0.0,0.0,0.0,0.0,0.0,
898,898,0.0,0.0,0.0,0.0,0.0,0.0,
899,899,0.0,0.0,0.0,0.0,0.0,0.0,
900,900,0.0,0.0,0.0,0.0,0.0,0.0,
901,901,0.0,0.0,0.0,0.0,0.0,0.0,
902,902,0.0,0.0,0.0,0.0,0.0,0.0,
903,903,0.0,0.0,0.0,0.0,0.0,0.0,
904,904,0.0,0.0,0.0,0.0,0.0,0.0,
905,905,0.0,0.0,0.0,0.0,0.0,0.0,
906,906,0.0,0.0,0.0,0.0,0.0,0.0,
907,907,0.0,0.0,0.0,0.0,0.0,0.0,
908,908,0.0,0.0,0.0,0.0,0.0,0.0,
909,909,0.0,0.0,0.0,0.0,0.0,0.0,
910,910,0.0,0.0,0.0,0.0,0.0,0.0,
911,911,0.0,0.0,0.0,0.0,0.0,0.0,
912,912,0.0,0.0,0.0,0.0,0.0,0.0,
913,913,0.0,0.0,0.0,0.0,0.0,0.0,
914,914,0.0,0.0,0.0,0.0,0.0,0.0,
915,915,0.0,0.0,0.0,0.0,0.0,0.0,
916,916,0.0,0.0,0.0,0.0,0.0,0.0,
917,917,0.0,0.0,0.0,0.0,0.0,0.0,
918,918,0.0,0.0,0.0,0.0,0.0,0.0,
919,919,0.0,0.0,0.0,0.0,0.0,0.0,
920,920,0.0,0.0,0.0,0.0,0.0,0.0,
921,921,0.0,0.0,0.0,0.0,0.0,0.0,
922,922,0.0,0.0,0.0,0.0,0.0,0.0,
923,923,0.0,0.0,0.0,0.0,0.0,0.0,
924,924,0.0,0.0,0.0,0.0,0.0,0.0,
925,925,0.0,0.0,0.0,0.0,0.0,0.0,
926,926,0.0,0.0,0.0,0.0,0.0,0.0,
927,927,0.0,0.0,0.0,0.0,0.0,0.0,
928,928,0.0,0.0,0.0,0.0,0.0,0.0,
929,929,0.0,0.0,0.0,0.0,0.0,0.0,
930,930,0.0,0.0,0.0,0.0,0.0,0.0,
931,931,0.0,0.0,0.0,0.0,0.0,0.0,
932,932,0.0,0.056345667794942,0.028172833897471,0.0007937085698144911,0.0007937085698144911,0.0007937085698144911,0.028172833897471
933,933,0.0,0.0,0.0,0.0,0.0,0.0,
934,934,0.0,0.0,0.0,0.0,0.0,0.0,
935,935,0.0539614530501749,0.0,0.02698072652508745,0.0007279596038215575,0.0007279596038215575,0.0007279596038215575,0.02698072652508745
936,936,0.0,0.0,0.0,0.0,0.0,0.0,
937,937,0.0,0.0,0.0,0.0,0.0,0.0,
938,938,0.0,0.0,0.0,0.0,0.0,0.0,
939,939,0.0,0.0,0.0,0.0,0.0,0.0,
940,940,0.0,0.0,0.0,0.0,0.0,0.0,
941,941,0.0,0.0,0.0,0.0,0.0,0.0,
942,942,0.0,0.0,0.0,0.0,0.0,0.0,
943,943,0.0,0.0,0.0,0.0,0.0,0.0,
944,944,0.0,0.0,0.0,0.0,0.0,0.0,
945,945,0.0,0.0,0.0,0.0,0.0,0.0,
946,946,0.0,0.0,0.0,0.0,0.0,0.0,
947,947,0.0,0.0,0.0,0.0,0.0,0.0,
948,948,0.0,0.0,0.0,0.0,0.0,0.0,
949,949,0.0,0.0,0.0,0.0,0.0,0.0,
950,950,0.0,0.0,0.0,0.0,0.0,0.0,
951,951,0.0,0.0,0.0,0.0,0.0,0.0,
952,952,0.0,0.0,0.0,0.0,0.0,0.0,
953,953,0.0,0.0,0.0,0.0,0.0,0.0,
954,954,0.0,0.0,0.0,0.0,0.0,0.0,
955,955,0.0,0.0,0.0,0.0,0.0,0.0,
956,956,0.0,0.0,0.0,0.0,0.0,0.0,
957,957,0.0,0.0,0.0,0.0,0.0,0.0,
958,958,0.0,0.0,0.0,0.0,0.0,0.0,
959,959,0.0,0.0,0.0,0.0,0.0,0.0,
960,960,0.0,0.0,0.0,0.0,0.0,0.0,
961,961,0.0,0.0,0.0,0.0,0.0,0.0,
962,962,0.0,0.0,0.0,0.0,0.0,0.0,
963,963,0.0,0.0,0.0,0.0,0.0,0.0,
964,964,0.0,0.0,0.0,0.0,0.0,0.0,
965,965,0.0,0.0,0.0,0.0,0.0,0.0,
966,966,0.0,0.0,0.0,0.0,0.0,0.0,
967,967,0.0,0.0,0.0,0.0,0.0,0.0,
968,968,0.0,0.0,0.0,0.0,0.0,0.0,
969,969,0.0,0.0,0.0,0.0,0.0,0.0,
970,970,0.0,0.0,0.0,0.0,0.0,0.0,
971,971,0.0,0.0,0.0,0.0,0.0,0.0,
972,972,0.0,0.0,0.0,0.0,0.0,0.0,
973,973,0.0,0.0,0.0,0.0,0.0,0.0,
974,974,0.0,0.0,0.0,0.0,0.0,0.0,
975,975,0.0,0.0,0.0,0.0,0.0,0.0,
976,976,0.0,0.0,0.0,0.0,0.0,0.0,
977,977,0.0,0.0,0.0,0.0,0.0,0.0,
978,978,0.0,0.0,0.0,0.0,0.0,0.0,
979,979,0.0,0.0,0.0,0.0,0.0,0.0,
980,980,0.0,0.0,0.0,0.0,0.0,0.0,
981,981,0.0,0.0,0.0,0.0,0.0,0.0,
982,982,0.0,0.0,0.0,0.0,0.0,0.0,
983,983,0.0,0.0,0.0,0.0,0.0,0.0,
984,984,0.0,0.0,0.0,0.0,0.0,0.0,
985,985,0.0,0.0,0.0,0.0,0.0,0.0,
986,986,0.0,0.0,0.0,0.0,0.0,0.0,
987,987,0.0,0.0,0.0,0.0,0.0,0.0,
988,988,0.0,0.0,0.0,0.0,0.0,0.0,
989,989,0.0,0.0,0.0,0.0,0.0,0.0,
990,990,0.0,0.0,0.0,0.0,0.0,0.0,
991,991,0.0,0.0,0.0,0.0,0.0,0.0,
992,992,0.0,0.0,0.0,0.0,0.0,0.0,
993,993,0.0,0.0,0.0,0.0,0.0,0.0,
994,994,0.0,0.0,0.0,0.0,0.0,0.0,
995,995,0.0,0.0,0.0,0.0,0.0,0.0,
996,996,0.0,0.0,0.0,0.0,0.0,0.0,
997,997,0.0,0.0,0.0,0.0,0.0,0.0,
998,998,0.0,0.0,0.0,0.0,0.0,0.0,
999,999,0.0,0.0,0.0,0.0,0.0,0.0,
1000,1000,0.0,0.0,0.0,0.0,0.0,0.0,
1001,1001,0.0,0.0,0.0,0.0,0.0,0.0,
1002,1002,0.0,0.0,0.0,0.0,0.0,0.0,
1003,1003,0.0,0.0,0.0,0.0,0.0,0.0,
1004,1004,0.0,0.0,0.0,0.0,0.0,0.0,
1005,1005,0.0,0.0,0.0,0.0,0.0,0.0,
1006,1006,0.0,0.0,0.0,0.0,0.0,0.0,
1007,1007,0.0,0.0,0.0,0.0,0.0,0.0,
1008,1008,0.0,0.0,0.0,0.0,0.0,0.0,
1009,1009,0.0,0.0,0.0,0.0,0.0,0.0,
1010,1010,0.0,0.0,0.0,0.0,0.0,0.0,
1011,1011,0.0,0.0,0.0,0.0,0.0,0.0,
1012,1012,0.0,0.0,0.0,0.0,0.0,0.0,
1013,1013,0.0,0.0,0.0,0.0,0.0,0.0,
1014,1014,0.0,0.0,0.0,0.0,0.0,0.0,
1015,1015,0.0,0.0,0.0,0.0,0.0,0.0,
1016,1016,0.0,0.0,0.0,0.0,0.0,0.0,
1017,1017,0.0,0.0,0.0,0.0,0.0,0.0,
1018,1018,0.0,0.0,0.0,0.0,0.0,0.0,
1019,1019,0.0,0.0,0.0,0.0,0.0,0.0,
1020,1020,0.0,0.0,0.0,0.0,0.0,0.0,
1021,1021,0.0,0.0,0.0,0.0,0.0,0.0,
1022,1022,0.0,0.0,0.0,0.0,0.0,0.0,
1023,1023,0.0,0.0,0.0,0.0,0.0,0.0,
1024,1024,0.0,0.0,0.0,0.0,0.0,0.0,
1025,1025,0.0,0.0,0.0,0.0,0.0,0.0,
1026,1026,0.0,0.0,0.0,0.0,0.0,0.0,
1027,1027,0.0,0.0,0.0,0.0,0.0,0.0,
1028,1028,0.0,0.0,0.0,0.0,0.0,0.0,
1029,1029,0.0,0.0,0.0,0.0,0.0,0.0,
1030,1030,0.0,0.0,0.0,0.0,0.0,0.0,
1031,1031,0.0,0.0,0.0,0.0,0.0,0.0,
1032,1032,0.0,0.0,0.0,0.0,0.0,0.0,
1033,1033,0.0,0.0,0.0,0.0,0.0,0.0,
1034,1034,0.0,0.0,0.0,0.0,0.0,0.0,
1035,1035,0.0,0.0,0.0,0.0,0.0,0.0,
1036,1036,0.0,0.0,0.0,0.0,0.0,0.0,
1037,1037,0.0,0.0,0.0,0.0,0.0,0.0,
1038,1038,0.0,0.0,0.0,0.0,0.0,0.0,
1039,1039,0.0,0.0,0.0,0.0,0.0,0.0,
1040,1040,0.0,0.0,0.0,0.0,0.0,0.0,
1041,1041,0.0,0.0,0.0,0.0,0.0,0.0,
1042,1042,0.0,0.0,0.0,0.0,0.0,0.0,
1043,1043,0.0,0.0,0.0,0.0,0.0,0.0,
1044,1044,0.0,0.0,0.0,0.0,0.0,0.0,
1045,1045,0.0,0.0,0.0,0.0,0.0,0.0,
1046,1046,0.0,0.0,0.0,0.0,0.0,0.0,
1047,1047,0.0,0.0,0.0,0.0,0.0,0.0,
1048,1048,0.0,0.0,0.0,0.0,0.0,0.0,
1049,1049,0.0,0.0,0.0,0.0,0.0,0.0,
1050,1050,0.0,0.0,0.0,0.0,0.0,0.0,
1051,1051,0.0,0.0,0.0,0.0,0.0,0.0,
1052,1052,0.0,0.0,0.0,0.0,0.0,0.0,
1053,1053,0.0,0.0,0.0,0.0,0.0,0.0,
1054,1054,0.0,0.0,0.0,0.0,0.0,0.0,
1055,1055,0.0,0.0,0.0,0.0,0.0,0.0,
1056,1056,0.0,0.0,0.0,0.0,0.0,0.0,
1057,1057,0.0,0.0,0.0,0.0,0.0,0.0,
1058,1058,0.0,0.0,0.0,0.0,0.0,0.0,
1059,1059,0.0,0.0,0.0,0.0,0.0,0.0,
1060,1060,0.0,0.0,0.0,0.0,0.0,0.0,
1061,1061,0.0,0.0,0.0,0.0,0.0,0.0,
1062,1062,0.0,0.0,0.0,0.0,0.0,0.0,
1063,1063,0.0,0.0,0.0,0.0,0.0,0.0,
1064,1064,0.0,0.0,0.0,0.0,0.0,0.0,
1065,1065,0.0,0.0,0.0,0.0,0.0,0.0,
1066,1066,0.0,0.0,0.0,0.0,0.0,0.0,
1067,1067,0.0,0.0,0.0,0.0,0.0,0.0,
1068,1068,0.0,0.0,0.0,0.0,0.0,0.0,
1069,1069,0.0,0.0,0.0,0.0,0.0,0.0,
1070,1070,0.0,0.0,0.0,0.0,0.0,0.0,
1071,1071,0.0,0.0,0.0,0.0,0.0,0.0,
1072,1072,0.0,0.0,0.0,0.0,0.0,0.0,
1073,1073,0.0,0.0,0.0,0.0,0.0,0.0,
1074,1074,0.0,0.0,0.0,0.0,0.0,0.0,
1075,1075,0.0,0.0,0.0,0.0,0.0,0.0,
1076,1076,0.0,0.0,0.0,0.0,0.0,0.0,
1077,1077,0.0,0.0,0.0,0.0,0.0,0.0,
1078,1078,0.0,0.0,0.0,0.0,0.0,0.0,
1079,1079,0.0,0.0,0.0,0.0,0.0,0.0,
1080,1080,0.0,0.0,0.0,0.0,0.0,0.0,
1081,1081,0.0,0.0,0.0,0.0,0.0,0.0,
1082,1082,0.0,0.0,0.0,0.0,0.0,0.0,
1083,1083,0.0,0.0,0.0,0.0,0.0,0.0,
1084,1084,0.0,0.0,0.0,0.0,0.0,0.0,
1085,1085,0.0,0.0,0.0,0.0,0.0,0.0,
1086,1086,0.0,0.0,0.0,0.0,0.0,0.0,
1087,1087,0.0,0.0,0.0,0.0,0.0,0.0,
1088,1088,0.0,0.0,0.0,0.0,0.0,0.0,
1089,1089,0.0,0.0,0.0,0.0,0.0,0.0,
1090,1090,0.0,0.0,0.0,0.0,0.0,0.0,
1091,1091,0.0,0.0,0.0,0.0,0.0,0.0,
1092,1092,0.0,0.0,0.0,0.0,0.0,0.0,
1093,1093,0.0,0.0,0.0,0.0,0.0,0.0,
1094,1094,0.0,0.0,0.0,0.0,0.0,0.0,
1095,1095,0.0,0.0,0.0,0.0,0.0,0.0,
1096,1096,0.0,0.0,0.0,0.0,0.0,0.0,
1097,1097,0.0,0.0,0.0,0.0,0.0,0.0,
1098,1098,0.0,0.0,0.0,0.0,0.0,0.0,
1099,1099,0.0,0.0,0.0,0.0,0.0,0.0,
1100,1100,0.0,0.0,0.0,0.0,0.0,0.0,
1101,1101,0.0,0.0,0.0,0.0,0.0,0.0,
1102,1102,0.0,0.0,0.0,0.0,0.0,0.0,
1103,1103,0.0,0.0,0.0,0.0,0.0,0.0,
1104,1104,0.0,0.0,0.0,0.0,0.0,0.0,
1105,1105,0.0,0.0,0.0,0.0,0.0,0.0,
1106,1106,0.0,0.0,0.0,0.0,0.0,0.0,
1107,1107,0.0,0.0,0.0,0.0,0.0,0.0,
1108,1108,0.0,0.0,0.0,0.0,0.0,0.0,
1109,1109,0.0,0.0,0.0,0.0,0.0,0.0,
1110,1110,0.0,0.0,0.0,0.0,0.0,0.0,
1111,1111,0.0,0.0,0.0,0.0,0.0,0.0,
1112,1112,0.0,0.0,0.0,0.0,0.0,0.0,
1113,1113,0.0,0.0,0.0,0.0,0.0,0.0,
1114,1114,0.0,0.0,0.0,0.0,0.0,0.0,
1115,1115,0.0,0.0,0.0,0.0,0.0,0.0,
1116,1116,0.0,0.0,0.0,0.0,0.0,0.0,
1117,1117,0.0,0.0,0.0,0.0,0.0,0.0,
1118,1118,0.0,0.0,0.0,0.0,0.0,0.0,
1119,1119,0.0,0.0,0.0,0.0,0.0,0.0,
1120,1120,0.0,0.0,0.0,0.0,0.0,0.0,
1121,1121,0.0,0.0,0.0,0.0,0.0,0.0,
1122,1122,0.0,0.0,0.0,0.0,0.0,0.0,
1123,1123,0.0,0.0,0.0,0.0,0.0,0.0,
1124,1124,0.0,0.0,0.0,0.0,0.0,0.0,
1125,1125,0.0,0.0,0.0,0.0,0.0,0.0,
1126,1126,0.0,0.0,0.0,0.0,0.0,0.0,
1127,1127,0.0,0.0,0.0,0.0,0.0,0.0,
1128,1128,0.0,0.0,0.0,0.0,0.0,0.0,
1129,1129,0.0,0.0,0.0,0.0,0.0,0.0,
1130,1130,0.0,0.0,0.0,0.0,0.0,0.0,
1131,1131,0.0,0.0,0.0,0.0,0.0,0.0,
1132,1132,0.0,0.0,0.0,0.0,0.0,0.0,
1133,1133,0.0,0.0,0.0,0.0,0.0,0.0,
1134,1134,0.0,0.0,0.0,0.0,0.0,0.0,
1135,1135,0.0,0.0,0.0,0.0,0.0,0.0,
1136,1136,0.0,0.0,0.0,0.0,0.0,0.0,
1137,1137,0.0,0.0,0.0,0.0,0.0,0.0,
1138,1138,0.0,0.0,0.0,0.0,0.0,0.0,
1139,1139,0.0,0.0,0.0,0.0,0.0,0.0,
1140,1140,0.0,0.0,0.0,0.0,0.0,0.0,
1141,1141,0.0,0.0,0.0,0.0,0.0,0.0,
1142,1142,0.0,0.0,0.0,0.0,0.0,0.0,
1143,1143,0.0,0.0,0.0,0.0,0.0,0.0,
1144,1144,0.0,0.0,0.0,0.0,0.0,0.0,
1145,1145,0.0,0.0,0.0,0.0,0.0,0.0,
1146,1146,0.0,0.0,0.0,0.0,0.0,0.0,
1147,1147,0.0,0.0,0.0,0.0,0.0,0.0,
1148,1148,0.0,0.0,0.0,0.0,0.0,0.0,
1149,1149,0.0,0.0,0.0,0.0,0.0,0.0,
1150,1150,0.0,0.0,0.0,0.0,0.0,0.0,
1151,1151,0.0,0.0,0.0,0.0,0.0,0.0,
1152,1152,0.0,0.0,0.0,0.0,0.0,0.0,
1153,1153,0.0,0.0,0.0,0.0,0.0,0.0,
1154,1154,0.0,0.0,0.0,0.0,0.0,0.0,
1155,1155,0.0,0.0,0.0,0.0,0.0,0.0,
1156,1156,0.0,0.0,0.0,0.0,0.0,0.0,
1157,1157,0.0,0.0,0.0,0.0,0.0,0.0,
1158,1158,0.0,0.0,0.0,0.0,0.0,0.0,
1159,1159,0.0,0.0,0.0,0.0,0.0,0.0,
1160,1160,0.0,0.0,0.0,0.0,0.0,0.0,
1161,1161,0.0,0.0,0.0,0.0,0.0,0.0,
1162,1162,0.0,0.0,0.0,0.0,0.0,0.0,
1163,1163,0.0,0.0,0.0,0.0,0.0,0.0,
1164,1164,0.0,0.0,0.0,0.0,0.0,0.0,
1165,1165,0.0,0.0,0.0,0.0,0.0,0.0,
1166,1166,0.0,0.0,0.0,0.0,0.0,0.0,
1167,1167,0.0,0.0,0.0,0.0,0.0,0.0,
1168,1168,0.0,0.0,0.0,0.0,0.0,0.0,
1169,1169,0.0,0.0,0.0,0.0,0.0,0.0,
1170,1170,0.0,0.0,0.0,0.0,0.0,0.0,
1171,1171,0.0,0.0,0.0,0.0,0.0,0.0,
1172,1172,0.0,0.0,0.0,0.0,0.0,0.0,
1173,1173,0.0,0.0,0.0,0.0,0.0,0.0,
1174,1174,0.0,0.0,0.0,0.0,0.0,0.0,
1175,1175,0.0,0.0,0.0,0.0,0.0,0.0,
1176,1176,0.0,0.0,0.0,0.0,0.0,0.0,
1177,1177,0.0,0.0,0.0,0.0,0.0,0.0,
1178,1178,0.0,0.0,0.0,0.0,0.0,0.0,
1179,1179,0.0,0.0,0.0,0.0,0.0,0.0,
1180,1180,0.0,0.0,0.0,0.0,0.0,0.0,
1181,1181,0.0,0.0,0.0,0.0,0.0,0.0,
1182,1182,0.0,0.0,0.0,0.0,0.0,0.0,
1183,1183,0.0,0.0,0.0,0.0,0.0,0.0,
1184,1184,0.0,0.0,0.0,0.0,0.0,0.0,
1185,1185,0.0,0.0,0.0,0.0,0.0,0.0,
1186,1186,0.0,0.0,0.0,0.0,0.0,0.0,
1187,1187,0.0,0.0,0.0,0.0,0.0,0.0,
1188,1188,0.0,0.0,0.0,0.0,0.0,0.0,
1189,1189,0.0,0.0,0.0,0.0,0.0,0.0,
1190,1190,0.0,0.0,0.0,0.0,0.0,0.0,
1191,1191,0.0,0.0,0.0,0.0,0.0,0.0,
1192,1192,0.0,0.0,0.0,0.0,0.0,0.0,
1193,1193,0.0,0.0,0.0,0.0,0.0,0.0,
1194,1194,0.0,0.0,0.0,0.0,0.0,0.0,
1195,1195,0.0,0.0,0.0,0.0,0.0,0.0,
1196,1196,0.0,0.0,0.0,0.0,0.0,0.0,
1197,1197,0.0,0.0,0.0,0.0,0.0,0.0,
1198,1198,0.0,0.0,0.0,0.0,0.0,0.0,
1199,1199,0.0,0.0,0.0,0.0,0.0,0.0,
1200,1200,0.0,0.0,0.0,0.0,0.0,0.0,
1201,1201,0.0,0.0,0.0,0.0,0.0,0.0,
1202,1202,0.0,0.0,0.0,0.0,0.0,0.0,
1203,1203,0.0,0.0,0.0,0.0,0.0,0.0,
1204,1204,0.0,0.0,0.0,0.0,0.0,0.0,
1205,1205,0.0,0.0,0.0,0.0,0.0,0.0,
1206,1206,0.0,0.0,0.0,0.0,0.0,0.0,
1207,1207,0.0,0.0,0.0,0.0,0.0,0.0,
1208,1208,0.0,0.0,0.0,0.0,0.0,0.0,
1209,1209,0.0,0.0,0.0,0.0,0.0,0.0,
1210,1210,0.0,0.0,0.0,0.0,0.0,0.0,
1211,1211,0.0,0.0,0.0,0.0,0.0,0.0,
1212,1212,0.0,0.0,0.0,0.0,0.0,0.0,
1213,1213,0.0,0.0,0.0,0.0,0.0,0.0,
1214,1214,0.0,0.0,0.0,0.0,0.0,0.0,
1215,1215,0.0,0.0,0.0,0.0,0.0,0.0,
1216,1216,0.0,0.0,0.0,0.0,0.0,0.0,
1217,1217,0.0,0.0,0.0,0.0,0.0,0.0,
1218,1218,0.0,0.0,0.0,0.0,0.0,0.0,
1219,1219,0.0,0.0,0.0,0.0,0.0,0.0,
1220,1220,0.0,0.0,0.0,0.0,0.0,0.0,
1221,1221,0.0,0.0,0.0,0.0,0.0,0.0,
1222,1222,0.0,0.0,0.0,0.0,0.0,0.0,
1223,1223,0.0,0.0,0.0,0.0,0.0,0.0,
1224,1224,0.0,0.0,0.0,0.0,0.0,0.0,
1225,1225,0.0,0.0,0.0,0.0,0.0,0.0,
1226,1226,0.0,0.0,0.0,0.0,0.0,0.0,
1227,1227,0.0,0.0,0.0,0.0,0.0,0.0,
1228,1228,0.0,0.0,0.0,0.0,0.0,0.0,
1229,1229,0.0,0.0,0.0,0.0,0.0,0.0,
1230,1230,0.0,0.0,0.0,0.0,0.0,0.0,
1231,1231,0.0,0.0,0.0,0.0,0.0,0.0,
1232,1232,0.0,0.0,0.0,0.0,0.0,0.0,
1233,1233,0.0,0.0,0.0,0.0,0.0,0.0,
1234,1234,0.0,0.0,0.0,0.0,0.0,0.0,
1235,1235,0.0,0.0,0.0,0.0,0.0,0.0,
1236,1236,0.0,0.0,0.0,0.0,0.0,0.0,
1237,1237,0.0,0.0,0.0,0.0,0.0,0.0,
1238,1238,0.0,0.0,0.0,0.0,0.0,0.0,
1239,1239,0.0,0.0,0.0,0.0,0.0,0.0,
1240,1240,0.0,0.0,0.0,0.0,0.0,0.0,
1241,1241,0.0,0.0,0.0,0.0,0.0,0.0,
1242,1242,0.0,0.0,0.0,0.0,0.0,0.0,
1243,1243,0.0,0.0,0.0,0.0,0.0,0.0,
1244,1244,0.0,0.0,0.0,0.0,0.0,0.0,
1245,1245,0.0,0.0,0.0,0.0,0.0,0.0,
1246,1246,0.0,0.0,0.0,0.0,0.0,0.0,
1247,1247,0.0,0.0,0.0,0.0,0.0,0.0,
1248,1248,0.0,0.0,0.0,0.0,0.0,0.0,
1249,1249,0.0,0.0,0.0,0.0,0.0,0.0,
1250,1250,0.0,0.0,0.0,0.0,0.0,0.0,
1251,1251,0.0,0.0,0.0,0.0,0.0,0.0,
1252,1252,0.0,0.0,0.0,0.0,0.0,0.0,
1253,1253,0.0,0.0,0.0,0.0,0.0,0.0,
1254,1254,0.0,0.0,0.0,0.0,0.0,0.0,
1255,1255,0.0,0.0,0.0,0.0,0.0,0.0,
1256,1256,0.0,0.0,0.0,0.0,0.0,0.0,
1257,1257,0.0,0.0,0.0,0.0,0.0,0.0,
1258,1258,0.0,0.0,0.0,0.0,0.0,0.0,
1259,1259,0.0,0.0,0.0,0.0,0.0,0.0,
1260,1260,0.0,0.0,0.0,0.0,0.0,0.0,
1261,1261,0.0,0.0,0.0,0.0,0.0,0.0,
1262,1262,0.0,0.0,0.0,0.0,0.0,0.0,
1263,1263,0.0,0.0,0.0,0.0,0.0,0.0,
1264,1264,0.0,0.0,0.0,0.0,0.0,0.0,
1265,1265,0.0,0.0,0.0,0.0,0.0,0.0,
1266,1266,0.0,0.0,0.0,0.0,0.0,0.0,
1267,1267,0.0,0.0,0.0,0.0,0.0,0.0,
1268,1268,0.0,0.0,0.0,0.0,0.0,0.0,
1269,1269,0.0,0.0,0.0,0.0,0.0,0.0,
1270,1270,0.0,,,,,,
1271,1271,0.0,,,,,,
1272,1272,0.0,,,,,,
